component_id,bank_deposit_id,payment_unit_id,kind,amount,deposit_amount,deposit_component_total,reconciliation_flag,source,source_staged_payment_id,staged_payer,staged_date,qb_deposit_id,ambiguous_deposit_match
"bdc_znbokMCQu4O4uvZjRh5WC","bdep_4c0b0fedaecab006d0d778ac","pu_znbokMCQu4O4uvZjRh5WC","check","25000.00","25000","25000","ok","qbo_inferred","znbokMCQu4O4uvZjRh5WC","Gates Family Foundation","2023-12-27","27329","false"
"bdc_8BdLq6ZNISKGLY7P5Sw88","bdep_afb71b701dbee97a3d736f4a","pu_8BdLq6ZNISKGLY7P5Sw88","check","13980.00","13980","13980","ok","qbo_inferred","8BdLq6ZNISKGLY7P5Sw88","Early Milestones Colorado Circle","2023-08-14","25656","false"
"bdc_1IeSrSZTpxCoCs3OU4q3c","bdep_a80ffd9eff6b4a148a12b5f5","pu_1IeSrSZTpxCoCs3OU4q3c","other","20000.00","30000","30000","ok","qbo_inferred","1IeSrSZTpxCoCs3OU4q3c","Frey Foundation","2018-01-11","2531","false"
"bdc_19Iyh7cbHD8CZKwd6EgKF","bdep_d4dd6315c466f04d8137c4f5","pu_19Iyh7cbHD8CZKwd6EgKF","check","50000.00","50000","50000","ok","qbo_inferred","19Iyh7cbHD8CZKwd6EgKF","Bainum Family Foundation","2024-03-19","28052","false"
"bdc_pvn2FrAdgfyfFsLPxTzbP","bdep_a3eb8d1d39d0a281776d2b24","pu_pvn2FrAdgfyfFsLPxTzbP","other","250.00","250","250","ok","qbo_inferred","pvn2FrAdgfyfFsLPxTzbP","AMY HERTEL","2019-01-10","6069","false"
"bdc_57hcboHFPuX4qdljSM449:split:1","bdep_18b0fa1a64e50691f57eef7d","pu_57hcboHFPuX4qdljSM449:split:1","other","5000.00","10000","10000","ok","qbo_inferred","57hcboHFPuX4qdljSM449:split:1","Hanhwa Kao","2024-09-30","30478","false"
"bdc_57hcboHFPuX4qdljSM449:split:2","bdep_18b0fa1a64e50691f57eef7d","pu_57hcboHFPuX4qdljSM449:split:2","other","5000.00","10000","10000","ok","qbo_inferred","57hcboHFPuX4qdljSM449:split:2","Hanhwa Kao","2024-09-30","30478","false"
"bdc_WWbM-Xk_oxrSHO4zm6NT6","bdep_a3a71fac297bc5e8d0a9f140","pu_WWbM-Xk_oxrSHO4zm6NT6","other","3500.00","3500","3500","ok","qbo_inferred","WWbM-Xk_oxrSHO4zm6NT6","America Online Giving Fund","2025-01-31","32233","false"
"bdc_VhOOgHGsdUUsvh9b8880g","bdep_3089740442278fa269e24dfa","pu_VhOOgHGsdUUsvh9b8880g","check","10000.00","10000","10000","ok","qbo_inferred","VhOOgHGsdUUsvh9b8880g","Education Forward DC","2023-10-20","26559","false"
"bdc_To-pU5ogf6SFa7GudD79y","bdep_3d04c575d5f5c061ad6369d7","pu_To-pU5ogf6SFa7GudD79y","other","200000.00","200000","200000","ok","qbo_inferred","To-pU5ogf6SFa7GudD79y","Walton Family Foundation","2019-04-01","6952","false"
"bdc_72JTwqPCBY1xcx_2fynE1","bdep_6d1cd66a09a8fafa1abee491","pu_72JTwqPCBY1xcx_2fynE1","other","200000.00","200000","200000","ok","qbo_inferred","72JTwqPCBY1xcx_2fynE1","DC Wildflower PCS - Service Revenue","2017-06-30","1027","false"
"bdc_YVFC5TLjn4JQr1EePgNSh","bdep_432915fa8aeeb42c03236711","pu_YVFC5TLjn4JQr1EePgNSh","other","140801.72","140801.72","140801.72","ok","qbo_inferred","YVFC5TLjn4JQr1EePgNSh","Arthur Rock Foundation","2018-06-05","3460","false"
"bdc_dkd5KsrCp9Aw0RHb6VNfq","bdep_837a502d5cde3ee363e3aba7","pu_dkd5KsrCp9Aw0RHb6VNfq","other","720000.00","720000","720000","ok","qbo_inferred","dkd5KsrCp9Aw0RHb6VNfq","Walton Family Foundation","2018-06-15","3689","false"
"bdc_Ix35gVTsZx9EuiXdXrm9A","bdep_518cf4062f26eb850f79c61d","pu_Ix35gVTsZx9EuiXdXrm9A","other","500.00","2999","500","ok","qbo_inferred","Ix35gVTsZx9EuiXdXrm9A","East Bay Community Foundation","2017-09-08","1594","false"
"bdc_XauYvjVqajTTweSOqb-88","bdep_cd44bd29dce9d3ef1bca38f9","pu_XauYvjVqajTTweSOqb-88","other","286604.93","286604.93","286604.93","ok","qbo_inferred","XauYvjVqajTTweSOqb-88","Arthur Rock Foundation","2018-05-25","3420","false"
"bdc_-H-SjZsuUmbtrUpxWOEBb","bdep_defd0be9a60676a48cfdffc9","pu_-H-SjZsuUmbtrUpxWOEBb","other","284375.00","284375","284375","ok","qbo_inferred","-H-SjZsuUmbtrUpxWOEBb","Walton Family Foundation","2018-08-17","4115","false"
"bdc_YIiyavKTatCZFcluakEPz","bdep_5a395b1adc72f95061abfa9e","pu_YIiyavKTatCZFcluakEPz","other","475000.00","475000","475000","ok","qbo_inferred","YIiyavKTatCZFcluakEPz","Walton Family Foundation","2018-12-07","5562","false"
"bdc_i6C-pKESa6lr3Dz2tgoip","bdep_8fe056e27612fe89a8c3ac75","pu_i6C-pKESa6lr3Dz2tgoip","other","35000.00","35000","35000","ok","qbo_inferred","i6C-pKESa6lr3Dz2tgoip","The Mind Trust","2018-12-12","5566","false"
"bdc_WFu_eh0QPyaX3OHTF_CIu","bdep_450b0df8b6afb686a115ad26","pu_WFu_eh0QPyaX3OHTF_CIu","other","35000.00","35000","35000","ok","qbo_inferred","WFu_eh0QPyaX3OHTF_CIu","I.A. O'Shaughnessy Foundation","2018-12-21","5599","false"
"bdc_2FuX80J7AL1P1FH8GbuWs","bdep_348db8b7523757d52bbab988","pu_2FuX80J7AL1P1FH8GbuWs","other","15000.00","80000","80000","ok","qbo_inferred","2FuX80J7AL1P1FH8GbuWs","Fidelity Foundations","2025-12-30","37053","false"
"bdc_DJxYyhEg_s3u3p6d4Ug3o","bdep_0aa578b534452d2b84eae61a","pu_DJxYyhEg_s3u3p6d4Ug3o","other","60000.00","60000","60000","ok","qbo_inferred","DJxYyhEg_s3u3p6d4Ug3o","The Douglass Brandenborg Family Foundation","2025-11-26","36566","false"
"bdc_psPej3jzrqnVDNPKq6yAT","bdep_aa02e8e41ac4aba8e3e951ab","pu_psPej3jzrqnVDNPKq6yAT","other","100000.00","100000","100000","ok","qbo_inferred","psPej3jzrqnVDNPKq6yAT","Silicon  Schools Fund","2019-04-02","6953","false"
"bdc_206jdtJJa4i1y-s2Il9yR","bdep_f4dcd3219dd60382975885a9","pu_206jdtJJa4i1y-s2Il9yR","other","25000.00","25000","25000","ok","qbo_inferred","206jdtJJa4i1y-s2Il9yR","JP Morgan Charitable Giving Fund","2019-07-09","7926","false"
"bdc_2sbtkRgJTTUZioPUm750O","bdep_742abec24050100941337f90","pu_2sbtkRgJTTUZioPUm750O","other","5000.00","5000","5000","ok","qbo_inferred","2sbtkRgJTTUZioPUm750O","","2018-03-16","3012","false"
"bdc_h6ZPZO8Aj4ZF62i5julR9","bdep_7735ce8fa95ebd4191b946d8","pu_h6ZPZO8Aj4ZF62i5julR9","direct_ach","20000.00","20000","20000","ok","qbo_inferred","h6ZPZO8Aj4ZF62i5julR9","The 20 22 ACT Society","2026-01-02","37479","false"
"bdc_pCFw5YiH6fJVw9zFhXv9l","bdep_8643c60b188d865d8a4caa1a","pu_pCFw5YiH6fJVw9zFhXv9l","other","100000.00","100000","100000","ok","qbo_inferred","pCFw5YiH6fJVw9zFhXv9l","Piton Foundation","2018-05-29","3419","false"
"bdc_l8EFNSz9Sl3CfjAs6708V","bdep_ce907a14ee7f1e082cf713a0","pu_l8EFNSz9Sl3CfjAs6708V","direct_ach","90000.00","90000","90000","ok","qbo_inferred","l8EFNSz9Sl3CfjAs6708V","Truist Foundation","2026-05-13","39331","false"
"bdc_8r4tQubAh23RqksEG7OU-","bdep_b471f7eb1b52caa2f92cd49f","pu_8r4tQubAh23RqksEG7OU-","other","750000.00","1500000","1500000","ok","qbo_inferred","8r4tQubAh23RqksEG7OU-","Arthur Rock Foundation","2024-07-08","29390","false"
"bdc_tMS-Avc4nvMsDpFTVOtNY","bdep_a80ffd9eff6b4a148a12b5f5","pu_tMS-Avc4nvMsDpFTVOtNY","other","10000.00","30000","30000","ok","qbo_inferred","tMS-Avc4nvMsDpFTVOtNY","Minneapolis Foundation","2018-01-11","2531","false"
"bdc_dY_09QYkB-Axu7ZFYmJuR","bdep_27f94f74558e4b583a5c8986","pu_dY_09QYkB-Axu7ZFYmJuR","other","15000.00","15000","15000","ok","qbo_inferred","dY_09QYkB-Axu7ZFYmJuR","Benjamin Statz","2020-12-31","14254","false"
"bdc_2BcUzCAPqEbecBfh2L7pN","bdep_79b2f1559152754023e6e7e7","pu_2BcUzCAPqEbecBfh2L7pN","other","1000.00","1000","1000","ok","qbo_inferred","2BcUzCAPqEbecBfh2L7pN","JEMP-D Foundation","2019-03-14","6615","false"
"bdc_NZF4oaNaj1OuNR84BReZn","bdep_a640a775258a0dc32497c6d4","pu_NZF4oaNaj1OuNR84BReZn","other","1625000.00","1625000","1625000","ok","qbo_inferred","NZF4oaNaj1OuNR84BReZn","Chan / Zuckerberg Foundation","2017-04-19","822","false"
"bdc_fe20NzJrK3GYkpymmM9VD","bdep_b471f7eb1b52caa2f92cd49f","pu_fe20NzJrK3GYkpymmM9VD","other","750000.00","1500000","1500000","ok","qbo_inferred","fe20NzJrK3GYkpymmM9VD","Arthur Rock Foundation","2024-07-08","29390","false"
"bdc_lwwqcgE4EvrIia3t9agYL","bdep_72330ae407442fbf9fd0c869","pu_lwwqcgE4EvrIia3t9agYL","other","117000.00","117000","117000","ok","qbo_inferred","lwwqcgE4EvrIia3t9agYL","Walton Family Foundation","2020-05-20","12063","false"
"bdc_GYBF4RJ6O8_zbGAcqbvef","bdep_9634bb52e9114b062a0aa6c3","pu_GYBF4RJ6O8_zbGAcqbvef","other","250000.00","250853","250000","ok","qbo_inferred","GYBF4RJ6O8_zbGAcqbvef","Chan / Zuckerberg Foundation","2017-06-13","1029","false"
"bdc_B56KVOnRGQrj4dRBrMiLo","bdep_57936b34cc1ef3c3edb96982","pu_B56KVOnRGQrj4dRBrMiLo","other","205000.00","205000","205000","ok","qbo_inferred","B56KVOnRGQrj4dRBrMiLo","New Schools Venture Fund","2020-03-17","11598","false"
"bdc_UHE-uTVUwwcr2FLdjBQnp","bdep_8981b2c4b8890ea71aea818d","pu_UHE-uTVUwwcr2FLdjBQnp","other","18500.00","18500","18500","ok","qbo_inferred","UHE-uTVUwwcr2FLdjBQnp","","2021-08-27","17576","false"
"bdc_-L6KY58mi0-N4vL8jAKEY","bdep_66035db77ae3180947edd947","pu_-L6KY58mi0-N4vL8jAKEY","other","93.10","93.1","93.1","ok","qbo_inferred","-L6KY58mi0-N4vL8jAKEY","Mighty Cause","2019-11-26","10312","false"
"bdc_I0wp6Eb5Wi8A5svNX2zS1","bdep_4a5682b5bd4f44c064791399","pu_I0wp6Eb5Wi8A5svNX2zS1","direct_ach","1109.81","1109.81","1109.81","ok","qbo_inferred","I0wp6Eb5Wi8A5svNX2zS1","Maia Blankenship -- Donor","2026-01-08","37480","false"
"bdc_bllTXRZplXrsjM2VD7ws9","bdep_06109513e4bf307baab148bb","pu_bllTXRZplXrsjM2VD7ws9","other","200000.00","200000","200000","ok","qbo_inferred","bllTXRZplXrsjM2VD7ws9","Avi and Sandra Nash","2020-12-31","14255","false"
"bdc_ENrj5pb4155KjFrbRWlN9","bdep_dec810bcd9482d0fe24e1dc1","pu_ENrj5pb4155KjFrbRWlN9","other","52500.00","52500","52500","ok","qbo_inferred","ENrj5pb4155KjFrbRWlN9","Overdeck Family Foundation","2020-05-21","12064","false"
"bdc_CgbJao4PfVs7ITQkBF9Ky","bdep_dce58a569d27122951d915e5","pu_CgbJao4PfVs7ITQkBF9Ky","other","10990.95","10990.95","10990.95","ok","qbo_inferred","CgbJao4PfVs7ITQkBF9Ky","Arthur Rock Foundation","2018-06-15","3807","false"
"bdc_5j4sOW2cK9_s44whGxeuJ","bdep_a5d0fe76e28943765cf9806c","pu_5j4sOW2cK9_s44whGxeuJ","other","694.58","694.58","694.58","ok","qbo_inferred","5j4sOW2cK9_s44whGxeuJ","","2019-12-06","10423","false"
"bdc_6qEbcNxV-MEST0vBuBv4K","bdep_fadce4f6bf5c00bf6fad8ac1","pu_6qEbcNxV-MEST0vBuBv4K","other","4673.98","4673.98","4673.98","ok","qbo_inferred","6qEbcNxV-MEST0vBuBv4K","Nancy Peretsman","2019-12-20","10573","false"
"bdc_k1CXtDwpXzp4CryZ0TYUL","bdep_03f96f7d421fff34720cd14c","pu_k1CXtDwpXzp4CryZ0TYUL","other","650000.00","650000","650000","ok","qbo_inferred","k1CXtDwpXzp4CryZ0TYUL","Silicon Valley Community Foundation","2018-12-26","5625","false"
"bdc_PD99mzPjuTly8YcE91aKU","bdep_5c4d373fb319646a5978c504","pu_PD99mzPjuTly8YcE91aKU","other","1625000.00","1625000","1625000","ok","qbo_inferred","PD99mzPjuTly8YcE91aKU","Chan / Zuckerberg Foundation","2017-12-01","2233","false"
"bdc_BTLwPtMoRWThw_mu_q2WZ","bdep_7eb7411307908b3e7fdd1215","pu_BTLwPtMoRWThw_mu_q2WZ","other","10.00","10","10","ok","qbo_inferred","BTLwPtMoRWThw_mu_q2WZ","","2020-01-28","10962","false"
"bdc_FwK9WeJGAy7P0s_SHjqnj","bdep_c1a02a7484850450e8a93acc","pu_FwK9WeJGAy7P0s_SHjqnj","other","1000000.00","1000000","1000000","ok","qbo_inferred","FwK9WeJGAy7P0s_SHjqnj","Valhalla Charitable Fnd","2020-02-24","11149","false"
"bdc_U3mGqWFS_3CvMKq30cn_v","bdep_d25aa4abcc224f402dc944df","pu_U3mGqWFS_3CvMKq30cn_v","other","24000.00","24000","24000","ok","qbo_inferred","U3mGqWFS_3CvMKq30cn_v","JA MADDOX FOUNDATION","2018-03-19","2985","false"
"bdc_eeO4iFgJAlllmIYy0Uiod","bdep_6342dc50e755efe2f3a99f17","pu_eeO4iFgJAlllmIYy0Uiod","other","330000.00","330000","330000","ok","qbo_inferred","eeO4iFgJAlllmIYy0Uiod","Spring Point Partners","2020-04-13","11595","false"
"bdc_Unzd69-h-2PTEimuPORJ-","bdep_bdb28ad92dcb95597fcfcefb","pu_Unzd69-h-2PTEimuPORJ-","other","25000.00","25000","25000","ok","qbo_inferred","Unzd69-h-2PTEimuPORJ-","Common Future","2024-08-14","30100","false"
"bdc_6PbCI2djPRmGLSbn4NrZV","bdep_2ef8dfddcce119831b353c60","pu_6PbCI2djPRmGLSbn4NrZV","check","75000.00","75000","75000","ok","qbo_inferred","6PbCI2djPRmGLSbn4NrZV","Bainum Family Foundation","2024-12-18","31642","false"
"bdc_opolygF4GmAwIco_HIlAv","bdep_7d5cdcb390a861c80f45044e","pu_opolygF4GmAwIco_HIlAv","other","87583.48","87583.48","87583.48","ok","qbo_inferred","opolygF4GmAwIco_HIlAv","Nancy Peretsman","2018-12-28","5694","false"
"bdc_510OI5kJ4aogidEpjFNei","bdep_4e8649e52108ac21f2e9da96","pu_510OI5kJ4aogidEpjFNei","other","190.12","190.12","190.12","ok","qbo_inferred","510OI5kJ4aogidEpjFNei","","2019-12-06","10424","false"
"bdc_bG9Tz3jmJvdxTIwfvrisE","bdep_68a54145109b1259cc5ec93c","pu_bG9Tz3jmJvdxTIwfvrisE","other","1000000.00","1000000","1000000","ok","qbo_inferred","bG9Tz3jmJvdxTIwfvrisE","Arthur Rock Foundation","2020-05-12","12049","false"
"bdc_4svk9IxogJIjkx65k097w","bdep_ebe0c689b72e75592bb63c59","pu_4svk9IxogJIjkx65k097w","other","1000000.00","1000000","1000000","ok","qbo_inferred","4svk9IxogJIjkx65k097w","OMIDYAR NETWORK FUND INC","2017-12-01","2234","false"
"bdc_bJxnAvEgXpJn7E8YjLjhi","bdep_2c3e4b55acdc03dc91b39d33","pu_bJxnAvEgXpJn7E8YjLjhi","other","23.47","23.47","23.47","ok","qbo_inferred","bJxnAvEgXpJn7E8YjLjhi","Amazon Smile","2020-05-22","12065","false"
"bdc_GCtncjZIGjloPCPQDmjRz","bdep_39e30e71a2b30a42370b965b","pu_GCtncjZIGjloPCPQDmjRz","other","50000.00","50000","50000","ok","qbo_inferred","GCtncjZIGjloPCPQDmjRz","The Douglass Brandenborg Family Foundation","2019-09-16","8954","false"
"bdc_Ybc-L_X549nQVf3lBGHgL","bdep_cf9c09b6faf61e0c60212a9a","pu_Ybc-L_X549nQVf3lBGHgL","other","25000.00","25000","25000","ok","qbo_inferred","Ybc-L_X549nQVf3lBGHgL","The Sauer Family Foundation","2019-05-13","7478","false"
"bdc_Z_0P-_rNSAluYSExizsHK","bdep_cec644f75cd3613599eb3e91","pu_Z_0P-_rNSAluYSExizsHK","other","1000000.00","1000000","1000000","ok","qbo_inferred","Z_0P-_rNSAluYSExizsHK","Valhalla Charitable Fnd","2019-03-12","6577","false"
"bdc_uoifflJSOqyptLRNe-pqN","bdep_d44c4c4a197901055e589d72","pu_uoifflJSOqyptLRNe-pqN","other","205000.00","205000","205000","ok","qbo_inferred","uoifflJSOqyptLRNe-pqN","New Schools Venture Fund","2018-12-19","5590","false"
"bdc_n24nVDee3Biv5AJIurO7-","bdep_42dcf3f4fd2977749cf23af9","pu_n24nVDee3Biv5AJIurO7-","other","1000000.00","1000000","1000000","ok","qbo_inferred","n24nVDee3Biv5AJIurO7-","Arthur Rock Foundation","2019-05-24","7500","false"
"bdc_E2kzxNSdcARC9Brpw9R3I","bdep_0bd322dc20497ba2b9e1106a","pu_E2kzxNSdcARC9Brpw9R3I","other","93.10","93.1","93.1","ok","qbo_inferred","E2kzxNSdcARC9Brpw9R3I","","2021-12-10","18457","false"
"bdc_kWl1HckYWYg_Pdz8I8x1Q","bdep_2d56c76ba2ae250a9ac4b98e","pu_kWl1HckYWYg_Pdz8I8x1Q","other","21.88","21.88","21.88","ok","qbo_inferred","kWl1HckYWYg_Pdz8I8x1Q","","2022-03-03","19454","false"
"bdc_Y3EAw60k_YYl27iA5sHgt","bdep_c0d3d6eaa73202e9ea6a13c1","pu_Y3EAw60k_YYl27iA5sHgt","other","5000.00","5000","5000","ok","qbo_inferred","Y3EAw60k_YYl27iA5sHgt","New Schools Venture Fund","2020-07-10","13001","false"
"bdc_qtANV939pMYPu29CaXWBu","bdep_298b6ddbe7f9e7444d07a21a","pu_qtANV939pMYPu29CaXWBu","other","30000.00","30000","30000","ok","qbo_inferred","qtANV939pMYPu29CaXWBu","The Sauer Family Foundation","2022-07-13","20848","false"
"bdc_jVwrc7wJZrvRoppWCagOt","bdep_5d4a63c106616e233f47d551","pu_jVwrc7wJZrvRoppWCagOt","other","10.04","10.04","10.04","ok","qbo_inferred","jVwrc7wJZrvRoppWCagOt","Amazon Smile","2022-11-21","22396","false"
"bdc_jsGHUGpP1GyvWmOrRzonn","bdep_c5c962d917a23ea453490f69","pu_jsGHUGpP1GyvWmOrRzonn","other","2500.00","2500","2500","ok","qbo_inferred","jsGHUGpP1GyvWmOrRzonn","Incandescent","2021-12-17","18701","false"
"bdc_rU8nySOGTTlZY_rAafOEV","bdep_f3787da8cfe9ddd3b4fd394b","pu_rU8nySOGTTlZY_rAafOEV","other","2997.09","2997.09","2997.09","ok","qbo_inferred","rU8nySOGTTlZY_rAafOEV","US Department of Treasury","2022-05-18","20119","false"
"bdc_pxCu3QlNBdmlC-S2ltoa5","bdep_d29caf6cda6cbc1453167b4c","pu_pxCu3QlNBdmlC-S2ltoa5","other","17.58","17.58","17.58","ok","qbo_inferred","pxCu3QlNBdmlC-S2ltoa5","Amazon Smile","2023-05-22","24590","false"
"bdc_SpBqYeZ-WRbZ4_EKfbcO8","bdep_3d8899cbf9bbab8a8513c453","pu_SpBqYeZ-WRbZ4_EKfbcO8","other","500000.00","500000","500000","ok","qbo_inferred","SpBqYeZ-WRbZ4_EKfbcO8","DC Wildflower PCS - Service Revenue","2022-08-12","21073","false"
"bdc_trOL9p4cOzgTyYqEq43L1","bdep_9c6709ce571496404ac198be","pu_trOL9p4cOzgTyYqEq43L1","check","75000.00","75000","75000","ok","qbo_inferred","trOL9p4cOzgTyYqEq43L1","Bainum Family Foundation","2024-08-14","29736","false"
"bdc_gZ_lU4kZ8XJ_xwb4EDO8j","bdep_a12cdfd5b3e565f7f53cd356","pu_gZ_lU4kZ8XJ_xwb4EDO8j","other","45000.00","45000","45000","ok","qbo_inferred","gZ_lU4kZ8XJ_xwb4EDO8j","Gates Family Foundation","2019-07-09","7927","false"
"bdc_lalaOc5ASYswC266HDyGa","bdep_4d4f773c48d591a34f6bd67f","pu_lalaOc5ASYswC266HDyGa","other","40000.00","40000","40000","ok","qbo_inferred","lalaOc5ASYswC266HDyGa","Gates Family Foundation","2020-02-06","10965","false"
"bdc_bNV4aWaSFxHX2wfGLHHDq","bdep_ccef32c5fd7f49f12e4ef980","pu_bNV4aWaSFxHX2wfGLHHDq","other","350000.00","350000","350000","ok","qbo_inferred","bNV4aWaSFxHX2wfGLHHDq","Spring Point Partners","2020-12-21","14155","false"
"bdc_qqbY2IkVjONBPJKKPY7m-","bdep_b675177d88bd0338805c8901","pu_qqbY2IkVjONBPJKKPY7m-","other","12.88","12.88","12.88","ok","qbo_inferred","qqbY2IkVjONBPJKKPY7m-","Amazon Smile","2020-11-12","13759","false"
"bdc_z1LkltDgvJAAPfw4dg0fr","bdep_80c43ef90f001d39aa5b8cb1","pu_z1LkltDgvJAAPfw4dg0fr","other","200000.00","200000","200000","ok","qbo_inferred","z1LkltDgvJAAPfw4dg0fr","Fidelity Charitable","2024-12-12","31177","false"
"bdc_tlEdjPxM_ZFjvfRGK0Eyg","bdep_b60fbbd187636499d9fb7f02","pu_tlEdjPxM_ZFjvfRGK0Eyg","other","580000.00","580000","580000","ok","qbo_inferred","tlEdjPxM_ZFjvfRGK0Eyg","Anonymous","2022-07-28","20844","false"
"bdc_UGB5SraZ624c_aZqt0JcL","bdep_ec9e01e54be38073b17e726f","pu_UGB5SraZ624c_aZqt0JcL","other","40.54","40.54","40.54","ok","qbo_inferred","UGB5SraZ624c_aZqt0JcL","Amazon Smile","2021-02-22","14705","false"
"bdc_QJnvTEL2VlK_lKJ__digm","bdep_21bca766449f643b183511c5","pu_QJnvTEL2VlK_lKJ__digm","other","100000.00","100000","100000","ok","qbo_inferred","QJnvTEL2VlK_lKJ__digm","Latino Community Foundation (Tom Keith + Gabriela Zumundio fund)","2022-04-11","19538","false"
"bdc_LVa4iZ58WIQFBa75htzVY","bdep_47b59cbd0dbec4189ee25d5d","pu_LVa4iZ58WIQFBa75htzVY","other","7553.12","7553.12","7553.12","ok","qbo_inferred","LVa4iZ58WIQFBa75htzVY","Keres Children's Learning Center -customer","2019-09-13","8955","false"
"bdc_M2yePjj2UXi3RcNJoiHC5","bdep_38faaaeab6f485ed1b8712cc","pu_M2yePjj2UXi3RcNJoiHC5","other","100000.00","101500","100000","ok","qbo_inferred","M2yePjj2UXi3RcNJoiHC5","Graves Foundation","2017-10-20","1871","false"
"bdc_IZydHQLx3s_GU8xo44VLl","bdep_eaa5bc4ca2d9eadf29a156a2","pu_IZydHQLx3s_GU8xo44VLl","other","250000.00","250000","250000","ok","qbo_inferred","IZydHQLx3s_GU8xo44VLl","New Schools Venture Fund","2017-08-04","1278","false"
"bdc_l856Y7VI3iGKMAae6z-cu","bdep_bcb0afdc8be2ec732aa87fea","pu_l856Y7VI3iGKMAae6z-cu","other","6.36","6.36","6.36","ok","qbo_inferred","l856Y7VI3iGKMAae6z-cu","Amazon Smile","2020-08-13","13007","false"
"bdc_R6r7TtF52v4z-KF0lPwxH","bdep_ebdd6fd63bf21434bda6bacd","pu_R6r7TtF52v4z-KF0lPwxH","other","15000.00","15000","15000","ok","qbo_inferred","R6r7TtF52v4z-KF0lPwxH","Benjamin Statz","2018-12-28","5719","false"
"bdc_WQVxaUZFVql98g7h3lc4I","bdep_c574a7c9de0c14d7fb347181","pu_WQVxaUZFVql98g7h3lc4I","other","12416.52","12416.52","12416.52","ok","qbo_inferred","WQVxaUZFVql98g7h3lc4I","Nancy Peretsman","2019-01-18","5890","false"
"bdc_8c7w6mL3SbiDZFPWankfj","bdep_df15663db02182f7afa11e9c","pu_8c7w6mL3SbiDZFPWankfj","other","100.00","100","100","ok","qbo_inferred","8c7w6mL3SbiDZFPWankfj","Theodore Quinn_","2019-01-16","5969","false"
"bdc_cHfJu8BH9oTIUYLdlg0V6","bdep_b5f90c6c652e2f262186d21f","pu_cHfJu8BH9oTIUYLdlg0V6","other","10000.00","10000","10000","ok","qbo_inferred","cHfJu8BH9oTIUYLdlg0V6","Misc Customer","2021-08-19","17127","false"
"bdc_m1m6w-YgopvOTdzfhK4Vx","bdep_099ece4d790f43e87d428011","pu_m1m6w-YgopvOTdzfhK4Vx","other","52500.00","52500","52500","ok","qbo_inferred","m1m6w-YgopvOTdzfhK4Vx","Overdeck Family Foundation","2021-09-02","17259","false"
"bdc_nazbNq8vnw00AR6Jg3RlN","bdep_1b0d394fa05d8448760e6b3b","pu_nazbNq8vnw00AR6Jg3RlN","other","12500.00","12500","12500","ok","qbo_inferred","nazbNq8vnw00AR6Jg3RlN","McKnight Foundation","2021-09-13","17577","false"
"bdc_g9vCIFqMMuV5H8YZ9Y4ii","bdep_9d3fcb1ec086e80138921620","pu_g9vCIFqMMuV5H8YZ9Y4ii","other","250.00","250","250","ok","qbo_inferred","g9vCIFqMMuV5H8YZ9Y4ii","","2021-11-26","18077","false"
"bdc_Z2ukNeoxE-thZ_DNY5-z-","bdep_0f69717cc62b41743f92c0e3","pu_Z2ukNeoxE-thZ_DNY5-z-","other","11.36","11.36","11.36","ok","qbo_inferred","Z2ukNeoxE-thZ_DNY5-z-","Amazon Smile","2022-09-02","21234","false"
"bdc_1GpL1msmlAYRbmqaPaEuw","bdep_a960f7917e680f8a19da3854","pu_1GpL1msmlAYRbmqaPaEuw","other","4627.34","4627.34","4627.34","ok","qbo_inferred","1GpL1msmlAYRbmqaPaEuw","New Markets Support","2021-12-17","18702","false"
"bdc_ePMKLEoTygvjRj745AisY","bdep_cda7a647a53765dec17f8af8","pu_ePMKLEoTygvjRj745AisY","other","20.00","20","20","ok","qbo_inferred","ePMKLEoTygvjRj745AisY","","2020-01-28","10961","false"
"bdc_hIZ1HKjbqLcXMCeU_EoAc","bdep_d72f5d674c42816acbdf3fa2","pu_hIZ1HKjbqLcXMCeU_EoAc","other","20000.00","20000","20000","ok","qbo_inferred","hIZ1HKjbqLcXMCeU_EoAc","DC Wildflower PCS - Service Revenue","2020-03-27","11580","false"
"bdc_tdSImcnQwgq8DwxZ-7cx8","bdep_db7903fc7727261897bbdc6f","pu_tdSImcnQwgq8DwxZ-7cx8","other","300000.00","300000","300000","ok","qbo_inferred","tdSImcnQwgq8DwxZ-7cx8","Imaginable Futures","2024-10-24","30628","false"
"bdc_uT9LptVDEM4mBI-UMpa50","bdep_1ebc15b9c9b347c2bb72c3c2","pu_uT9LptVDEM4mBI-UMpa50","other","75.00","75","75","ok","qbo_inferred","uT9LptVDEM4mBI-UMpa50","","2025-01-03","32474","false"
"bdc_Uo8Dni8kRmRkwy-efvw1r","bdep_b7e7c66c736a8021a190f2cb","pu_Uo8Dni8kRmRkwy-efvw1r","other","5000.00","5000","5000","ok","qbo_inferred","Uo8Dni8kRmRkwy-efvw1r","Amy Gips Family Fund","2024-12-04","31612","false"
"bdc_z7rVB0Rv6hn8EW5Lli14g","bdep_a7222b573f568f3d355fd0f9","pu_z7rVB0Rv6hn8EW5Lli14g","other","1000.00","1000","1000","ok","qbo_inferred","z7rVB0Rv6hn8EW5Lli14g","","2024-07-31","29737","false"
"bdc_Kd5N5NKVlPkENnM1JAsen","bdep_662f4bca3fd7de37d4417bee","pu_Kd5N5NKVlPkENnM1JAsen","direct_ach","40000.00","40000","40000","ok","qbo_inferred","Kd5N5NKVlPkENnM1JAsen","Temple Hoyne Buell Foundation","2026-01-22","37497","false"
"bdc_it8b0mhqMVm3s1AqgWyID","bdep_27b04b4a752a5165e13fa8f2","pu_it8b0mhqMVm3s1AqgWyID","other","30000.00","30000","30000","ok","qbo_inferred","it8b0mhqMVm3s1AqgWyID","Fundación Banco Popular","2025-12-16","37042","false"
"bdc_unfGqYDDrUF_FikVlRknz","bdep_aa6b9f96439dc481054876c8","pu_unfGqYDDrUF_FikVlRknz","other","12000.00","12000","12000","ok","qbo_inferred","unfGqYDDrUF_FikVlRknz","Temple Hoyne Buell Foundation","2023-07-03","25787","false"
"bdc_dE1j8U53PkqghLPlNKExl","bdep_e985f95087414e5b193d49d2","pu_dE1j8U53PkqghLPlNKExl","check","10800.00","10800","10800","ok","qbo_inferred","dE1j8U53PkqghLPlNKExl","Early Milestones Colorado Circle","2022-12-15","22760","false"
"bdc_uazOyrHBADG83eg5kMTIq","bdep_f45b287ac5dc59bd422f6ac9","pu_uazOyrHBADG83eg5kMTIq","other","500.00","500","500","ok","qbo_inferred","uazOyrHBADG83eg5kMTIq","Blue Cross & Blue Shield Foundation of MN","2022-03-07","19500","false"
"bdc_DYF2ZvM9R8ypBjFKpQi70","bdep_2d6170c5fba836d57b6b56a3","pu_DYF2ZvM9R8ypBjFKpQi70","other","1721.39","1721.39","1721.39","ok","qbo_inferred","DYF2ZvM9R8ypBjFKpQi70","Local Initiatives Support Corporation (LISC)","2024-11-19","30942","false"
"bdc_CAwU6kv0z5sNy2Xr8jlLD","bdep_6cd4704872c87179f8aecc87","pu_CAwU6kv0z5sNy2Xr8jlLD","other","5000.00","5000","5000","ok","qbo_inferred","CAwU6kv0z5sNy2Xr8jlLD","Micah Winkelspecht","2024-12-30","31646","false"
"bdc_p9nrHhQhgJbPZYG2MGsMI","bdep_18bbb04c872ff74e49a76eba","pu_p9nrHhQhgJbPZYG2MGsMI","other","1500.00","1500","1500","ok","qbo_inferred","p9nrHhQhgJbPZYG2MGsMI","Misc Customer","2020-09-28","13765","false"
"bdc_PhKz52t0LosjJhdQmJKTX","bdep_8b5db3a0bb0fe3d41726c18e","pu_PhKz52t0LosjJhdQmJKTX","other","800000.00","800000","800000","ok","qbo_inferred","PhKz52t0LosjJhdQmJKTX","Valhalla Charitable Fnd","2022-04-06","19539","false"
"bdc_fYiHm1Cvp8Uy4KOhX_7nX","bdep_67c2d02ffe34d5a1ea0709b4","pu_fYiHm1Cvp8Uy4KOhX_7nX","other","15000.00","15000","15000","ok","qbo_inferred","fYiHm1Cvp8Uy4KOhX_7nX","Benjamin Statz","2021-06-10","16223","false"
"bdc_FtQNkdTHIO4NwBmzcKcmh","bdep_9b2d3529c65b60caa90dfbff","pu_FtQNkdTHIO4NwBmzcKcmh","other","70000.00","70000","70000","ok","qbo_inferred","FtQNkdTHIO4NwBmzcKcmh","Blue Cross & Blue Shield Foundation of MN","2021-08-27","17255","false"
"bdc_erVW8ztCPgYGZU-R36PpC","bdep_278464f8d6a169267553d0ca","pu_erVW8ztCPgYGZU-R36PpC","other","9745.00","9745","9745","ok","qbo_inferred","erVW8ztCPgYGZU-R36PpC","","2025-11-20","36570","false"
"bdc_qqdMMabV6wnz4rr0BVhAY","bdep_cdfbdcb3c9060b74421bbfc6","pu_qqdMMabV6wnz4rr0BVhAY","check","50000.00","50000","50000","ok","qbo_inferred","qqdMMabV6wnz4rr0BVhAY","Bainum Family Foundation","2023-12-06","27057","false"
"bdc_SFu_PO3eWBSm-5Dq6xDMz","bdep_50f840ab9fc3361401179763","pu_SFu_PO3eWBSm-5Dq6xDMz","direct_ach","175000.00","175000","175000","ok","qbo_inferred","SFu_PO3eWBSm-5Dq6xDMz","Anonymous","2026-03-05","38617","false"
"bdc_7JpclI5LjMsT12tabqZfV","bdep_744a468757e4c529731bafc1","pu_7JpclI5LjMsT12tabqZfV","other","223500.00","223500","223500","ok","qbo_inferred","7JpclI5LjMsT12tabqZfV","William Penn Foundation","2025-09-25","35903","false"
"bdc_XyszZpI2syHOTJlsAEjKg","bdep_35e81f534ece214c686eeec2","pu_XyszZpI2syHOTJlsAEjKg","other","30000.00","30000","30000","ok","qbo_inferred","XyszZpI2syHOTJlsAEjKg","Fundación Banco Popular","2024-11-22","30923","false"
"bdc_YccEYB0l5ErneQLXiarh4","bdep_39a3cf08b5521c7dccde8bdd","pu_YccEYB0l5ErneQLXiarh4","other","1000.00","1000","1000","ok","qbo_inferred","YccEYB0l5ErneQLXiarh4","WNYCS","2020-03-06","11588","false"
"bdc_2X7W6oa1211OgIFtP7O2g","bdep_32b07b09fba751013b5b3fd8","pu_2X7W6oa1211OgIFtP7O2g","other","10000.00","10000","10000","ok","qbo_inferred","2X7W6oa1211OgIFtP7O2g","Diana Barrientos","2025-12-29","37052","false"
"bdc_kRtpSOJdaprXWb9BNfFQ_","bdep_56f61d30a7e5bd9b6667af90","pu_kRtpSOJdaprXWb9BNfFQ_","check","1.00","1","1","ok","qbo_inferred","kRtpSOJdaprXWb9BNfFQ_","Wild Rose Montessori School Inc","2024-05-14","28797","false"
"bdc_rvGhMvR-GdgMw18HYQdcw","bdep_6de491045c62af808980b7b4","pu_rvGhMvR-GdgMw18HYQdcw","direct_ach","80000.00","120000","120000","ok","qbo_inferred","rvGhMvR-GdgMw18HYQdcw","The Howley Foundation","2025-07-25","35303","false"
"bdc_XQvizxg8E4kR0zRgj9I4k","bdep_81848504d3b9a1ac08da0f4d","pu_XQvizxg8E4kR0zRgj9I4k","other","351.63","351.63","351.63","ok","qbo_inferred","XQvizxg8E4kR0zRgj9I4k","","2020-12-02","14246","false"
"bdc_wL_DifTzE-G_4--FMAU5B","bdep_28f935ee2568a30d51f3cdc3","pu_wL_DifTzE-G_4--FMAU5B","other","500000.00","500000","500000","ok","qbo_inferred","wL_DifTzE-G_4--FMAU5B","Imaginable Futures","2024-10-30","30627","false"
"bdc_4Bntuqkg0MOTA6vp7dC7k","bdep_69c934fac1391ffa828d62c9","pu_4Bntuqkg0MOTA6vp7dC7k","other","13.91","13.91","13.91","ok","qbo_inferred","4Bntuqkg0MOTA6vp7dC7k","Amazon Smile","2021-08-16","17078","false"
"bdc_nOPE69fr9_5h3jLU1S_2g","bdep_2e617625a540423ebdfc820f","pu_nOPE69fr9_5h3jLU1S_2g","check","200000.00","200000","200000","ok","qbo_inferred","nOPE69fr9_5h3jLU1S_2g","Bainum Family Foundation","2025-09-16","35898","false"
"bdc_fUQTxa-n550UEgMbTbOC4","bdep_b7fdd573201b3a30b30b579d","pu_fUQTxa-n550UEgMbTbOC4","other","1350.00","1350","1350","ok","qbo_inferred","fUQTxa-n550UEgMbTbOC4","","2021-11-24","18116","false"
"bdc_UueMFRa4AR_f0d5-7fJs0","bdep_20864229574942ed36020860","pu_UueMFRa4AR_f0d5-7fJs0","other","350.00","350","350","ok","qbo_inferred","UueMFRa4AR_f0d5-7fJs0","Wells Fargo","2021-10-12","17653","false"
"bdc_RioxxfvidDeVO8AA48ccI","bdep_1531ca67d22d50c36c4a7b0a","pu_RioxxfvidDeVO8AA48ccI","other","13.29","13.29","13.29","ok","qbo_inferred","RioxxfvidDeVO8AA48ccI","Amazon Smile","2021-11-22","18083","false"
"bdc_jPH2hJ62Wwm7CPMbghV0V","bdep_d26dc015609e73f11650dc1a","pu_jPH2hJ62Wwm7CPMbghV0V","other","400000.00","400000","400000","ok","qbo_inferred","jPH2hJ62Wwm7CPMbghV0V","Spring Point Partners","2022-10-26","21974","false"
"bdc_V9IfUVHTLoMfUzXA9tjkI","bdep_0718bedbddff30c5fd7fa8b3","pu_V9IfUVHTLoMfUzXA9tjkI","other","10000.00","10000","10000","ok","qbo_inferred","V9IfUVHTLoMfUzXA9tjkI","Timber Capital","2024-12-23","31639","false"
"bdc_AOgoZStpjFlzqmxTZDY-R","bdep_eca83d6bd873e38f14d0860c","pu_AOgoZStpjFlzqmxTZDY-R","other","13.72","13.72","13.72","ok","qbo_inferred","AOgoZStpjFlzqmxTZDY-R","Amazon Smile","2021-05-25","15771","false"
"bdc_UkLKAoS9tdl5eT526zzv1","bdep_c7c5f21ed2a3a3347212c81e","pu_UkLKAoS9tdl5eT526zzv1","other","8.75","8.75","8.75","ok","qbo_inferred","UkLKAoS9tdl5eT526zzv1","Amazon Smile","2022-05-31","20095","false"
"bdc_noxLWe2OFLp52F9jVEmZI","bdep_3015d2982c695f84850b3f2f","pu_noxLWe2OFLp52F9jVEmZI","other","7.57","7.57","7.57","ok","qbo_inferred","noxLWe2OFLp52F9jVEmZI","Amazon Smile","2023-05-04","24571","false"
"bdc_Ne0LFzjH0GPpCDaqi7T6o","bdep_6ef2bbcbfc34ba362824392e","pu_Ne0LFzjH0GPpCDaqi7T6o","other","14.65","14.65","14.65","ok","qbo_inferred","Ne0LFzjH0GPpCDaqi7T6o","Amazon Smile","2023-02-13","23550","false"
"bdc_wdhIueXAjKqqF1tZZ6tQx","bdep_67a194cd3c67f4285242cd52","pu_wdhIueXAjKqqF1tZZ6tQx","other","2500.00","2500","2500","ok","qbo_inferred","wdhIueXAjKqqF1tZZ6tQx","Melanie Dukes","2025-12-10","37040","false"
"bdc_g1LSQBYq6_lmmYUtlb5-8","bdep_b5679363ed7d22a5d604dc9a","pu_g1LSQBYq6_lmmYUtlb5-8","other","5000.00","5000","5000","ok","qbo_inferred","g1LSQBYq6_lmmYUtlb5-8","Melanie Sue Spiegel","2024-12-31","31647","false"
"bdc_avmnGV8NYqWhX_b8E4QbD","bdep_8622c5fcb1253958ba600599","pu_avmnGV8NYqWhX_b8E4QbD","other","125000.00","125000","125000","ok","qbo_inferred","avmnGV8NYqWhX_b8E4QbD","Anonymous","2025-11-03","36581","false"
"bdc_xOfAuFNjlhjtddnETubKC","bdep_39d0ed43c6b461cc04ca6332","pu_xOfAuFNjlhjtddnETubKC","other","40000.00","40000","40000","ok","qbo_inferred","xOfAuFNjlhjtddnETubKC","Temple Hoyne Buell Foundation","2025-01-13","31618","false"
"bdc_vXurKXgrl7361WZxuOoQv","bdep_348db8b7523757d52bbab988","pu_vXurKXgrl7361WZxuOoQv","other","65000.00","80000","80000","ok","qbo_inferred","vXurKXgrl7361WZxuOoQv","Fidelity Foundations","2025-12-30","37053","false"
"bdc_323KhGAmwVaZyXVy5IHMH","bdep_1c8ad89166baff6607b9a82d","pu_323KhGAmwVaZyXVy5IHMH","other","5000.00","5000","5000","ok","qbo_inferred","323KhGAmwVaZyXVy5IHMH","","2023-01-17","23279","false"
"bdc_uMX5819nuMMCZPWQzoLuJ","bdep_c3c6fdd8c57883dbcfe1b31e","pu_uMX5819nuMMCZPWQzoLuJ","other","10000.00","10000","10000","ok","qbo_inferred","uMX5819nuMMCZPWQzoLuJ","Citybridge Foundation","2023-08-10","25809","false"
"bdc_F9gVT989fp6B4OJhFZJj8","bdep_b06935e7cbe7d6b724355437","pu_F9gVT989fp6B4OJhFZJj8","other","7000.00","7000","7000","ok","qbo_inferred","F9gVT989fp6B4OJhFZJj8","Anonymous","2025-11-18","36572","false"
"bdc_HR7gMUbvoxLgxUHei9dYG","bdep_35ba6195d6ecabc47b572cbd","pu_HR7gMUbvoxLgxUHei9dYG","other","225000.00","225000","225000","ok","qbo_inferred","HR7gMUbvoxLgxUHei9dYG","Silicon Valley Community Foundation","2020-08-31","13175","false"
"bdc_CRtv5rc-lclh4k9BZ7HUQ","bdep_5ec3aa3b0fab1dfaf6fd765d","pu_CRtv5rc-lclh4k9BZ7HUQ","other","350000.00","350000","350000","ok","qbo_inferred","CRtv5rc-lclh4k9BZ7HUQ","Spring Point Partners","2020-12-23","14152","false"
"bdc_d4IGAGtGZg5r9D1iQV4os","bdep_122618cfb9c2581d9d917cfb","pu_d4IGAGtGZg5r9D1iQV4os","other","7500.00","7500","7500","ok","qbo_inferred","d4IGAGtGZg5r9D1iQV4os","Docebo NA Inc","2021-01-25","14540","false"
"bdc_sxj-QLSD2Kr0I8NkbFoKP","bdep_553f7ef70782fc50e3bc8b6a","pu_sxj-QLSD2Kr0I8NkbFoKP","other","70000.00","70000","70000","ok","qbo_inferred","sxj-QLSD2Kr0I8NkbFoKP","Indira Foundation/Avi and Sandra Nash","2022-10-31","21975","false"
"bdc_tUgCIRN_0N8uUrVaypkKZ","bdep_a9fa29fa1bdcc5dbf9d59fbc","pu_tUgCIRN_0N8uUrVaypkKZ","other","25000.00","25000","25000","ok","qbo_inferred","tUgCIRN_0N8uUrVaypkKZ","Trout Lily Initiative","2025-12-12","37041","false"
"bdc_vxT5fTKYCuVk7Rw2wsU51","bdep_1eaffcf4b6f867735cd82766","pu_vxT5fTKYCuVk7Rw2wsU51","other","290.77","290.77","290.77","ok","qbo_inferred","vxT5fTKYCuVk7Rw2wsU51","","2022-05-02","20120","false"
"bdc_GmRoDjbb5AbCEOVbYsU9W","bdep_45c805e0cfa1d50efbdfdc3f","pu_GmRoDjbb5AbCEOVbYsU9W","check","10000.00","10000","10000","ok","qbo_inferred","GmRoDjbb5AbCEOVbYsU9W","Early Milestones Colorado Circle","2022-08-30","21193","false"
"bdc_vsODilVwJh93AuJWvKYOf","bdep_418b16f0ea1aafc47bbedbaf","pu_vsODilVwJh93AuJWvKYOf","check","15220.00","15220","15220","ok","qbo_inferred","vsODilVwJh93AuJWvKYOf","Early Milestones Colorado Circle","2022-10-24","21969","false"
"bdc_YcizkhJEhGuxcjCJAXgG5","bdep_07fcc485918cbdc330d573b6","pu_YcizkhJEhGuxcjCJAXgG5","check","95000.00","95000","95000","ok","qbo_inferred","YcizkhJEhGuxcjCJAXgG5","Gates Family Foundation","2023-07-06","25851","false"
"bdc_zi6j_jjO2swt8Ot33qiDp","bdep_b098f08c0bd354bde86a5c44","pu_zi6j_jjO2swt8Ot33qiDp","check","100000.00","100000","100000","ok","qbo_inferred","zi6j_jjO2swt8Ot33qiDp","Center for Education Reform dba Yass Foundation for Education","2023-11-28","26863","false"
"bdc_VAmxudI59WVT6SCeWgqcf","bdep_be552e24c05354ca51b49e47","pu_VAmxudI59WVT6SCeWgqcf","check","540.00","540","540","ok","qbo_inferred","VAmxudI59WVT6SCeWgqcf","National Black Child Development Institute","2024-01-10","27585","false"
"bdc_uKJKtItKRZ98E7bjZSFKe","bdep_d3f30ebb6f62064b1d955c2d","pu_uKJKtItKRZ98E7bjZSFKe","other","1001061.44","1001061.44","1001061.44","ok","qbo_inferred","uKJKtItKRZ98E7bjZSFKe","Arthur Rock Foundation","2017-05-26","990","false"
"bdc_ab6MGs1PAjUlcgAvwtcws","bdep_c35eccda51623b7f1659d2bf","pu_ab6MGs1PAjUlcgAvwtcws","other","5000.00","5000","5000","ok","qbo_inferred","ab6MGs1PAjUlcgAvwtcws","Saint Paul Foundation","2017-10-24","1870","false"
"bdc_obZdI7xecWrODbiqkc2TA","bdep_6452be9f0e6293cb6a0aa38f","pu_obZdI7xecWrODbiqkc2TA","other","700000.00","700000","700000","ok","qbo_inferred","obZdI7xecWrODbiqkc2TA","Walton Family Foundation","2017-11-03","2107","false"
"bdc_G2qaJhrpocRChJ4skrYuf","bdep_5c026f33e0778d4859f3466f","pu_G2qaJhrpocRChJ4skrYuf","other","1000.00","1000","1000","ok","qbo_inferred","G2qaJhrpocRChJ4skrYuf","matthew.kramer@wildflowerschools.org","2017-09-01","1332","false"
"bdc_pNAH9MtNYy65T5opC3vsd","bdep_73554212dd4caa3d0cc991d1","pu_pNAH9MtNYy65T5opC3vsd","other","10200.00","10200","10200","ok","qbo_inferred","pNAH9MtNYy65T5opC3vsd","Educause","2018-04-20","3086","false"
"bdc_JqO1pyeUqjy8CpmhuA31G","bdep_dd2c90b75874f476be24b411","pu_JqO1pyeUqjy8CpmhuA31G","other","2500000.00","2500000","2500000","ok","qbo_inferred","JqO1pyeUqjy8CpmhuA31G","Walton Family Foundation","2018-06-22","3688","false"
"bdc_LXYf5O20Jv2WBOcvY_pYV","bdep_8b72d7a350b9ddefc15f8918","pu_LXYf5O20Jv2WBOcvY_pYV","other","285410.88","285410.88","285410.88","ok","qbo_inferred","LXYf5O20Jv2WBOcvY_pYV","Arthur Rock Foundation","2018-05-22","3421","false"
"bdc_keC3v6wusKFai7PrvzlJn","bdep_efbdc3e07c157ddf437808c4","pu_keC3v6wusKFai7PrvzlJn","other","288972.01","288972.01","288972.01","ok","qbo_inferred","keC3v6wusKFai7PrvzlJn","Arthur Rock Foundation","2018-05-23","3431","false"
"bdc_fFl18qW3ELjR_Fuorog0-","bdep_6f7ed6d4ea3cbd566de8bde0","pu_fFl18qW3ELjR_Fuorog0-","other","97.10","97.1","97.1","ok","qbo_inferred","fFl18qW3ELjR_Fuorog0-","","2022-10-27","21971","false"
"bdc_6H7mfNQXLJNB2zuBpewNd","bdep_cfba730d244b314ecbab33da","pu_6H7mfNQXLJNB2zuBpewNd","other","30.34","30.34","30.34","ok","qbo_inferred","6H7mfNQXLJNB2zuBpewNd","AMY HERTEL","2023-01-27","23145","false"
"bdc_8JFbFIjJxjk1Klg0ulOSF","bdep_8016279a3a49aab4b13ebd26","pu_8JFbFIjJxjk1Klg0ulOSF","other","500000.00","500000","500000","ok","qbo_inferred","8JFbFIjJxjk1Klg0ulOSF","USBank","2023-06-02","25230","false"
"bdc_8-iX2oQ5Ge7blnK7frGAw","bdep_efda6a340f46488d347e334c","pu_8-iX2oQ5Ge7blnK7frGAw","other","400.00","400","400","ok","qbo_inferred","8-iX2oQ5Ge7blnK7frGAw","","2023-06-07","25713","false"
"bdc_DnHNYfgt7HwacKUcEBB38","bdep_450b8b1b50d6b204e2b5ec92","pu_DnHNYfgt7HwacKUcEBB38","other","500000.00","500000","500000","ok","qbo_inferred","DnHNYfgt7HwacKUcEBB38","Stand Together Trust","2024-06-10","29029","false"
"bdc_tAvndts0xZaDZETaG2ZAK","bdep_f2620f971283dd8474e2da25","pu_tAvndts0xZaDZETaG2ZAK","other","300000.00","300000","300000","ok","qbo_inferred","tAvndts0xZaDZETaG2ZAK","Imaginable Futures","2024-06-18","29030","false"
"bdc_d5A4_QbGYCJ7xCcp1VZ1b","bdep_5ae36271519ead53f670281b","pu_d5A4_QbGYCJ7xCcp1VZ1b","other","350000.00","350000","350000","ok","qbo_inferred","d5A4_QbGYCJ7xCcp1VZ1b","Anonymous","2024-04-18","28315","false"
"bdc_M37WisaFqQeTrU_MEKQkv","bdep_91ef03b96d853a32a56cb9cd","pu_M37WisaFqQeTrU_MEKQkv","other","100000.00","100000","100000","ok","qbo_inferred","M37WisaFqQeTrU_MEKQkv","Indira Foundation / Avi and Sandra Nash","2024-08-07","29764","false"
"bdc_wDU1AyVvrFcsEkBXohrHs","bdep_6a4df53a42deeb856428bd0c","pu_wDU1AyVvrFcsEkBXohrHs","other","4237.50","4237.5","4237.5","ok","qbo_inferred","wDU1AyVvrFcsEkBXohrHs","Local Initiatives Support Corporation (LISC)","2024-07-26","29731","false"
"bdc_Pr23YoDn3D4iCNZHj1W1B","bdep_feb9f5ed7ef0a43be5ece56e","pu_Pr23YoDn3D4iCNZHj1W1B","other","5000.00","5000","5000","ok","qbo_inferred","Pr23YoDn3D4iCNZHj1W1B","Robert Kinsman","2024-10-31","30920","false"
"bdc_1DDAK0LsdOkqxYwtGiMCg","bdep_43e3b0298368d293ad7b778f","pu_1DDAK0LsdOkqxYwtGiMCg","other","10000.00","10000","10000","ok","qbo_inferred","1DDAK0LsdOkqxYwtGiMCg","The 20 22 ACT Society","2024-12-30","31651","false"
"bdc_osN1yh1ZCrPjaY58a1mfn","bdep_9408ea13fc7fd77935054007","pu_osN1yh1ZCrPjaY58a1mfn","other","10000.00","10000","10000","ok","qbo_inferred","osN1yh1ZCrPjaY58a1mfn","Abinabi Barrientos","2024-12-27","31672","false"
"bdc_Xgj0nFk7GlQN5Ja7mji6I","bdep_c4488f6069988d32e3c2c480","pu_Xgj0nFk7GlQN5Ja7mji6I","other","5000.00","5000","5000","ok","qbo_inferred","Xgj0nFk7GlQN5Ja7mji6I","Krishnan Sampath","2024-12-23","31640","false"
"bdc_JuIhgeJ1Vbrkscmmk_SNy","bdep_37ba5a13f28d5f191cf26ee5","pu_JuIhgeJ1Vbrkscmmk_SNy","other","5000.00","5000","5000","ok","qbo_inferred","JuIhgeJ1Vbrkscmmk_SNy","Kinsman & Krause","2024-11-07","30924","false"
"bdc_GuLnE-8z-r9gws7xfFo0b","bdep_afdc11473600248d819e8d0e","pu_GuLnE-8z-r9gws7xfFo0b","other","2000.00","2000","2000","ok","qbo_inferred","GuLnE-8z-r9gws7xfFo0b","Lindsay and Matt Haldeman","2025-01-03","32126","false"
"bdc_eQzcRt2t2x6rVWtbQzuYK","bdep_0631a3734a9d945fd32bb2d7","pu_eQzcRt2t2x6rVWtbQzuYK","other","850.00","850","850","ok","qbo_inferred","eQzcRt2t2x6rVWtbQzuYK","Promise Venture Studios","2025-07-29","35436","false"
"bdc_HwkYzUzoTOi6nguIJFA3C","bdep_06f392376a3916ee2cd3a17a","pu_HwkYzUzoTOi6nguIJFA3C","other","500.00","500","500","ok","qbo_inferred","HwkYzUzoTOi6nguIJFA3C","Lars and Becky Klevan","2025-11-18","36573","false"
"bdc_0KLPFhPVfNUBzEPTeFX8G","bdep_201ee6a1c195b1a8df48e7de","pu_0KLPFhPVfNUBzEPTeFX8G","other","2000.00","2000","2000","ok","qbo_inferred","0KLPFhPVfNUBzEPTeFX8G","Sampath Krishnan","2025-12-18","37043","false"
"bdc_WkhS6YAYglDGWePEgKEFo","bdep_8b92cc891bf135aaa0bfc090","pu_WkhS6YAYglDGWePEgKEFo","wire","60000.00","60000","60000","ok","qbo_inferred","WkhS6YAYglDGWePEgKEFo","Jpmorgan Chase","2025-08-05","35623","false"
"bdc_zfJQTDeeVNS9kRYVrXUpI","bdep_fa8061370ee8418ed58e4ef1","pu_zfJQTDeeVNS9kRYVrXUpI","other","10000.00","10000","10000","ok","qbo_inferred","zfJQTDeeVNS9kRYVrXUpI","JP Morgan Charitable Giving Fund","2025-11-26","36567","false"
"bdc_5L1YqDSwMIyqx1pnx_0Hl","bdep_6de491045c62af808980b7b4","pu_5L1YqDSwMIyqx1pnx_0Hl","direct_ach","40000.00","120000","120000","ok","qbo_inferred","5L1YqDSwMIyqx1pnx_0Hl","The Howley Foundation","2025-07-25","35303","false"
