id,kind,evidence_id,stripe_charge_id,source_staged_payment_id,gross_amount,fee_amount,net_amount,currency,received_date,lifecycle
"pu_ch_1DRosoAhXr9x8yiR62TBJxRw","stripe_charge","ch_1DRosoAhXr9x8yiR62TBJxRw","ch_1DRosoAhXr9x8yiR62TBJxRw","","3.00","0.39","2.61","USD","2018-11-01","received"
"pu_ch_1DYKxBAhXr9x8yiRrB6NydXa","stripe_charge","ch_1DYKxBAhXr9x8yiRrB6NydXa","ch_1DYKxBAhXr9x8yiRrB6NydXa","","26.14","1.06","25.08","USD","2018-11-19","received"
"pu_ch_1Dg16AAhXr9x8yiR6Pg99erN","stripe_charge","ch_1Dg16AAhXr9x8yiR6Pg99erN","ch_1Dg16AAhXr9x8yiR6Pg99erN","","5.48","0.51","4.97","USD","2018-12-10","received"
"pu_ch_1DnaPrAhXr9x8yiRQ7GuxXDq","stripe_charge","ch_1DnaPrAhXr9x8yiRQ7GuxXDq","ch_1DnaPrAhXr9x8yiRQ7GuxXDq","","5165.60","150.10","5015.50","USD","2018-12-31","received"
"pu_ch_1FYg08AhXr9x8yiRtGy0nIhH","stripe_charge","ch_1FYg08AhXr9x8yiRtGy0nIhH","ch_1FYg08AhXr9x8yiRtGy0nIhH","","75.00","2.48","72.52","USD","2019-10-28","received"
"pu_ch_1FlbofAhXr9x8yiRANXZMlml","stripe_charge","ch_1FlbofAhXr9x8yiRANXZMlml","ch_1FlbofAhXr9x8yiRANXZMlml","","100.00","3.20","96.80","USD","2019-12-03","received"
"pu_ch_1FukggAhXr9x8yiRvTka5Jvf","stripe_charge","ch_1FukggAhXr9x8yiRvTka5Jvf","ch_1FukggAhXr9x8yiRvTka5Jvf","","1000.00","29.30","970.70","USD","2019-12-28","received"
"pu_ch_1GC65WAhXr9x8yiR0Oqrh0oA","stripe_charge","ch_1GC65WAhXr9x8yiR0Oqrh0oA","ch_1GC65WAhXr9x8yiR0Oqrh0oA","","26.19","1.06","25.13","USD","2020-02-14","received"
"pu_ch_1GOlp1AhXr9x8yiReTPP5N3Q","stripe_charge","ch_1GOlp1AhXr9x8yiReTPP5N3Q","ch_1GOlp1AhXr9x8yiReTPP5N3Q","","5.49","0.46","5.03","USD","2020-03-20","received"
"pu_ch_1GRWUMAhXr9x8yiRhkLkHegz","stripe_charge","ch_1GRWUMAhXr9x8yiRhkLkHegz","ch_1GRWUMAhXr9x8yiRhkLkHegz","","10.66","0.61","10.05","USD","2020-03-27","received"
"pu_ch_1GRx63AhXr9x8yiRwn5TPkkS","stripe_charge","ch_1GRx63AhXr9x8yiRwn5TPkkS","ch_1GRx63AhXr9x8yiRwn5TPkkS","","26.19","1.06","25.13","USD","2020-03-29","received"
"pu_ch_1GSpdxAhXr9x8yiRlb76y8HP","stripe_charge","ch_1GSpdxAhXr9x8yiRlb76y8HP","ch_1GSpdxAhXr9x8yiRlb76y8HP","","52.07","1.81","50.26","USD","2020-03-31","received"
"pu_ch_1GTsGFAhXr9x8yiRx3lE7QKK","stripe_charge","ch_1GTsGFAhXr9x8yiRx3lE7QKK","ch_1GTsGFAhXr9x8yiRx3lE7QKK","","10.66","0.61","10.05","USD","2020-04-03","received"
"pu_ch_1GTyGtAhXr9x8yiRD5JZHvwB","stripe_charge","ch_1GTyGtAhXr9x8yiRD5JZHvwB","ch_1GTyGtAhXr9x8yiRD5JZHvwB","","52.07","1.81","50.26","USD","2020-04-03","received"
"pu_ch_1GXEIEAhXr9x8yiR50nfe1bB","stripe_charge","ch_1GXEIEAhXr9x8yiR50nfe1bB","ch_1GXEIEAhXr9x8yiR50nfe1bB","","50.00","1.75","48.25","USD","2020-04-12","received"
"pu_ch_1Ga2vsAhXr9x8yiRunWDsfcd","stripe_charge","ch_1Ga2vsAhXr9x8yiRunWDsfcd","ch_1Ga2vsAhXr9x8yiRunWDsfcd","","500.00","14.80","485.20","USD","2020-04-20","received"
"pu_ch_1GaU9WAhXr9x8yiROS1ZEMct","stripe_charge","ch_1GaU9WAhXr9x8yiROS1ZEMct","ch_1GaU9WAhXr9x8yiROS1ZEMct","","5176.29","150.41","5025.88","USD","2020-04-21","received"
"pu_ch_1Gs90LAhXr9x8yiRN2cIlbMn","stripe_charge","ch_1Gs90LAhXr9x8yiRN2cIlbMn","ch_1Gs90LAhXr9x8yiRN2cIlbMn","","517.91","15.32","502.59","USD","2020-06-09","received"
"pu_ch_1Gun1lAhXr9x8yiRzmQpsAhS","stripe_charge","ch_1Gun1lAhXr9x8yiRzmQpsAhS","ch_1Gun1lAhXr9x8yiRzmQpsAhS","","500.00","14.80","485.20","USD","2020-06-16","received"
"pu_ch_1HAafXAhXr9x8yiR5nig0D8s","stripe_charge","ch_1HAafXAhXr9x8yiR5nig0D8s","ch_1HAafXAhXr9x8yiR5nig0D8s","","124.53","5.40","119.13","USD","2020-07-30","received"
"pu_ch_1HPuA5AhXr9x8yiRAWVeh5N2","stripe_charge","ch_1HPuA5AhXr9x8yiRAWVeh5N2","ch_1HPuA5AhXr9x8yiRAWVeh5N2","","129.71","5.62","124.09","USD","2020-09-10","received"
"pu_ch_1HTWq8AhXr9x8yiRAdHHwg8l","stripe_charge","ch_1HTWq8AhXr9x8yiRAdHHwg8l","ch_1HTWq8AhXr9x8yiRAdHHwg8l","","200.00","8.50","191.50","USD","2020-09-20","received"
"pu_ch_1HhyRYAhXr9x8yiRRjdeu6jz","stripe_charge","ch_1HhyRYAhXr9x8yiRRjdeu6jz","ch_1HhyRYAhXr9x8yiRRjdeu6jz","","103.83","4.56","99.27","USD","2020-10-30","received"
"pu_ch_1HjLNXAhXr9x8yiR7IMnlIay","stripe_charge","ch_1HjLNXAhXr9x8yiR7IMnlIay","ch_1HjLNXAhXr9x8yiR7IMnlIay","","103.83","4.56","99.27","USD","2020-11-03","received"
"pu_ch_1HoDaIAhXr9x8yiR32VDoogz","stripe_charge","ch_1HoDaIAhXr9x8yiR32VDoogz","ch_1HoDaIAhXr9x8yiR32VDoogz","","500.00","20.80","479.20","USD","2020-11-16","received"
"pu_ch_1HrR34AhXr9x8yiRCDpYpCSr","stripe_charge","ch_1HrR34AhXr9x8yiRCDpYpCSr","ch_1HrR34AhXr9x8yiRCDpYpCSr","","3.00","0.43","2.57","USD","2020-11-25","received"
"pu_ch_1HtG0MAhXr9x8yiRjLcCp02r","stripe_charge","ch_1HtG0MAhXr9x8yiRjLcCp02r","ch_1HtG0MAhXr9x8yiRjLcCp02r","","100.00","4.40","95.60","USD","2020-11-30","received"
"pu_ch_1HtIdxAhXr9x8yiRYkLACz46","stripe_charge","ch_1HtIdxAhXr9x8yiRYkLACz46","ch_1HtIdxAhXr9x8yiRYkLACz46","","26.19","1.37","24.82","USD","2020-11-30","received"
"pu_ch_1HtOwaAhXr9x8yiRWUz9kOIV","stripe_charge","ch_1HtOwaAhXr9x8yiRWUz9kOIV","ch_1HtOwaAhXr9x8yiRWUz9kOIV","","50.00","2.35","47.65","USD","2020-11-30","received"
"pu_ch_1HtaUQAhXr9x8yiRXIivBR4A","stripe_charge","ch_1HtaUQAhXr9x8yiRXIivBR4A","ch_1HtaUQAhXr9x8yiRXIivBR4A","","26.19","1.37","24.82","USD","2020-12-01","received"
"pu_ch_1HtaxfAhXr9x8yiR1fgNBHKG","stripe_charge","ch_1HtaxfAhXr9x8yiR1fgNBHKG","ch_1HtaxfAhXr9x8yiR1fgNBHKG","","259.11","10.92","248.19","USD","2020-12-01","received"
"pu_ch_1Htb4aAhXr9x8yiR5zl1B7f4","stripe_charge","ch_1Htb4aAhXr9x8yiR5zl1B7f4","ch_1Htb4aAhXr9x8yiR5zl1B7f4","","1553.11","63.98","1489.13","USD","2020-12-01","received"
"pu_ch_1HtbMRAhXr9x8yiRWJnEUpgv","stripe_charge","ch_1HtbMRAhXr9x8yiRWJnEUpgv","ch_1HtbMRAhXr9x8yiRWJnEUpgv","","259.11","10.92","248.19","USD","2020-12-01","received"
"pu_ch_1Htbv0AhXr9x8yiRvRT2XkMo","stripe_charge","ch_1Htbv0AhXr9x8yiRvRT2XkMo","ch_1Htbv0AhXr9x8yiRvRT2XkMo","","103.83","4.56","99.27","USD","2020-12-01","received"
"pu_ch_1HtbzbAhXr9x8yiRwpeUVrze","stripe_charge","ch_1HtbzbAhXr9x8yiRwpeUVrze","ch_1HtbzbAhXr9x8yiRwpeUVrze","","50.00","2.35","47.65","USD","2020-12-01","received"
"pu_ch_1Htc52AhXr9x8yiRFOEzzsU2","stripe_charge","ch_1Htc52AhXr9x8yiRFOEzzsU2","ch_1Htc52AhXr9x8yiRFOEzzsU2","","103.83","4.56","99.27","USD","2020-12-01","received"
"pu_ch_1HtcFZAhXr9x8yiRFQwsTiG9","stripe_charge","ch_1HtcFZAhXr9x8yiRFQwsTiG9","ch_1HtcFZAhXr9x8yiRFQwsTiG9","","103.83","4.56","99.27","USD","2020-12-01","received"
"pu_ch_1HtcuOAhXr9x8yiRRpfCmVNH","stripe_charge","ch_1HtcuOAhXr9x8yiRRpfCmVNH","ch_1HtcuOAhXr9x8yiRRpfCmVNH","","300.00","12.60","287.40","USD","2020-12-01","received"
"pu_ch_1Htdo6AhXr9x8yiRSWfW74Tk","stripe_charge","ch_1Htdo6AhXr9x8yiRSWfW74Tk","ch_1Htdo6AhXr9x8yiRSWfW74Tk","","26.19","1.37","24.82","USD","2020-12-01","received"
"pu_ch_1HtfKGAhXr9x8yiRmb8xKKhr","stripe_charge","ch_1HtfKGAhXr9x8yiRmb8xKKhr","ch_1HtfKGAhXr9x8yiRmb8xKKhr","","250.00","10.55","239.45","USD","2020-12-01","received"
"pu_ch_1HtfVuAhXr9x8yiRjZAtIUlZ","stripe_charge","ch_1HtfVuAhXr9x8yiRjZAtIUlZ","ch_1HtfVuAhXr9x8yiRjZAtIUlZ","","50.00","2.35","47.65","USD","2020-12-01","received"
"pu_ch_1HtgWAAhXr9x8yiRsKrLF1T8","stripe_charge","ch_1HtgWAAhXr9x8yiRsKrLF1T8","ch_1HtgWAAhXr9x8yiRsKrLF1T8","","26.19","1.37","24.82","USD","2020-12-01","received"
"pu_ch_1HtgahAhXr9x8yiRM9lATA0n","stripe_charge","ch_1HtgahAhXr9x8yiRM9lATA0n","ch_1HtgahAhXr9x8yiRM9lATA0n","","103.83","4.56","99.27","USD","2020-12-01","received"
"pu_ch_1HthIqAhXr9x8yiRFmaF3ude","stripe_charge","ch_1HthIqAhXr9x8yiRFmaF3ude","ch_1HthIqAhXr9x8yiRFmaF3ude","","50.00","2.35","47.65","USD","2020-12-01","received"
"pu_ch_1HtiazAhXr9x8yiRr94g9zNC","stripe_charge","ch_1HtiazAhXr9x8yiRr94g9zNC","ch_1HtiazAhXr9x8yiRr94g9zNC","","26.19","1.37","24.82","USD","2020-12-01","received"
"pu_ch_1HtkCDAhXr9x8yiRqyDYTt0i","stripe_charge","ch_1HtkCDAhXr9x8yiRqyDYTt0i","ch_1HtkCDAhXr9x8yiRqyDYTt0i","","21.01","1.16","19.85","USD","2020-12-01","received"
"pu_ch_1HtkNiAhXr9x8yiR4Qm5wryu","stripe_charge","ch_1HtkNiAhXr9x8yiR4Qm5wryu","ch_1HtkNiAhXr9x8yiR4Qm5wryu","","103.83","4.56","99.27","USD","2020-12-01","received"
"pu_ch_1Htl3KAhXr9x8yiRhH1kJAE6","stripe_charge","ch_1Htl3KAhXr9x8yiRhH1kJAE6","ch_1Htl3KAhXr9x8yiRhH1kJAE6","","100.00","4.40","95.60","USD","2020-12-01","received"
"pu_ch_1HtlW1AhXr9x8yiRKQ5qT5PW","stripe_charge","ch_1HtlW1AhXr9x8yiRKQ5qT5PW","ch_1HtlW1AhXr9x8yiRKQ5qT5PW","","100.00","4.40","95.60","USD","2020-12-01","received"
"pu_ch_1HtlaiAhXr9x8yiRjctzrcsd","stripe_charge","ch_1HtlaiAhXr9x8yiRjctzrcsd","ch_1HtlaiAhXr9x8yiRjctzrcsd","","100.00","4.40","95.60","USD","2020-12-01","received"
"pu_ch_1HtlxEAhXr9x8yiRsVsTkXDh","stripe_charge","ch_1HtlxEAhXr9x8yiRsVsTkXDh","ch_1HtlxEAhXr9x8yiRsVsTkXDh","","26.19","1.37","24.82","USD","2020-12-01","received"
"pu_ch_1HtmGmAhXr9x8yiRR0ktUKNi","stripe_charge","ch_1HtmGmAhXr9x8yiRR0ktUKNi","ch_1HtmGmAhXr9x8yiRR0ktUKNi","","250.00","10.55","239.45","USD","2020-12-01","received"
"pu_ch_1HtmRGAhXr9x8yiRMxE6bTDh","stripe_charge","ch_1HtmRGAhXr9x8yiRMxE6bTDh","ch_1HtmRGAhXr9x8yiRMxE6bTDh","","25.00","1.33","23.67","USD","2020-12-01","received"
"pu_ch_1Htmc6AhXr9x8yiRS8zVzEXg","stripe_charge","ch_1Htmc6AhXr9x8yiRS8zVzEXg","ch_1Htmc6AhXr9x8yiRS8zVzEXg","","26.19","1.37","24.82","USD","2020-12-01","received"
"pu_ch_1Htu0gAhXr9x8yiRmCVb54jM","stripe_charge","ch_1Htu0gAhXr9x8yiRmCVb54jM","ch_1Htu0gAhXr9x8yiRmCVb54jM","","50.00","2.35","47.65","USD","2020-12-02","received"
"pu_ch_1HtvpTAhXr9x8yiRBwK3TUhk","stripe_charge","ch_1HtvpTAhXr9x8yiRBwK3TUhk","ch_1HtvpTAhXr9x8yiRBwK3TUhk","","26.19","1.37","24.82","USD","2020-12-02","received"
"pu_ch_1HtxctAhXr9x8yiRa0yMlTtT","stripe_charge","ch_1HtxctAhXr9x8yiRa0yMlTtT","ch_1HtxctAhXr9x8yiRa0yMlTtT","","103.83","4.56","99.27","USD","2020-12-02","received"
"pu_ch_1HtyIHAhXr9x8yiRvm1KgHEV","stripe_charge","ch_1HtyIHAhXr9x8yiRvm1KgHEV","ch_1HtyIHAhXr9x8yiRvm1KgHEV","","52.07","2.43","49.64","USD","2020-12-02","received"
"pu_ch_1HvpIbAhXr9x8yiR2WtuSesI","stripe_charge","ch_1HvpIbAhXr9x8yiR2WtuSesI","ch_1HvpIbAhXr9x8yiR2WtuSesI","","259.11","10.92","248.19","USD","2020-12-07","received"
"pu_ch_1HvttyAhXr9x8yiR4G8rawAc","stripe_charge","ch_1HvttyAhXr9x8yiR4G8rawAc","ch_1HvttyAhXr9x8yiR4G8rawAc","","25.00","1.33","23.67","USD","2020-12-07","received"
"pu_ch_1HwB02AhXr9x8yiRtTAs1kLs","stripe_charge","ch_1HwB02AhXr9x8yiRtTAs1kLs","ch_1HwB02AhXr9x8yiRtTAs1kLs","","259.11","10.92","248.19","USD","2020-12-08","received"
"pu_ch_1I0w5JAhXr9x8yiR4RVonoKs","stripe_charge","ch_1I0w5JAhXr9x8yiR4RVonoKs","ch_1I0w5JAhXr9x8yiR4RVonoKs","","517.91","21.53","496.38","USD","2020-12-21","received"
"pu_ch_1I0ybNAhXr9x8yiR73JwEriA","stripe_charge","ch_1I0ybNAhXr9x8yiR73JwEriA","ch_1I0ybNAhXr9x8yiR73JwEriA","","500.00","20.80","479.20","USD","2020-12-21","received"
"pu_ch_1I3o4FAhXr9x8yiRLIvDs12k","stripe_charge","ch_1I3o4FAhXr9x8yiRLIvDs12k","ch_1I3o4FAhXr9x8yiRLIvDs12k","","103.83","4.56","99.27","USD","2020-12-29","received"
"pu_ch_1I4YyxAhXr9x8yiRXwzAjtlU","stripe_charge","ch_1I4YyxAhXr9x8yiRXwzAjtlU","ch_1I4YyxAhXr9x8yiRXwzAjtlU","","500.00","20.80","479.20","USD","2020-12-31","received"
"pu_ch_1I5bz3AhXr9x8yiRy5sRkjdg","stripe_charge","ch_1I5bz3AhXr9x8yiRy5sRkjdg","ch_1I5bz3AhXr9x8yiRy5sRkjdg","","26.19","1.37","24.82","USD","2021-01-03","received"
"pu_ch_1I7NuzAhXr9x8yiRJvTgdE4J","stripe_charge","ch_1I7NuzAhXr9x8yiRJvTgdE4J","ch_1I7NuzAhXr9x8yiRJvTgdE4J","","25.00","1.33","23.67","USD","2021-01-08","received"
"pu_ch_1IGmEFAhXr9x8yiRcEfRCYIm","stripe_charge","ch_1IGmEFAhXr9x8yiRcEfRCYIm","ch_1IGmEFAhXr9x8yiRcEfRCYIm","","517.91","21.53","496.38","USD","2021-02-03","received"
"pu_ch_1IHAJJAhXr9x8yiRRVD9Z0Jq","stripe_charge","ch_1IHAJJAhXr9x8yiRRVD9Z0Jq","ch_1IHAJJAhXr9x8yiRRVD9Z0Jq","","3.00","0.43","2.57","USD","2021-02-04","received"
"pu_ch_1IIcv2AhXr9x8yiRmR4rB1vc","stripe_charge","ch_1IIcv2AhXr9x8yiRmR4rB1vc","ch_1IIcv2AhXr9x8yiRmR4rB1vc","","25.00","1.33","23.67","USD","2021-02-08","received"
"pu_ch_1ISmKpAhXr9x8yiRYTlX6Ek5","stripe_charge","ch_1ISmKpAhXr9x8yiRYTlX6Ek5","ch_1ISmKpAhXr9x8yiRYTlX6Ek5","","25.00","1.33","23.67","USD","2021-03-08","received"
"pu_ch_1ITMAjAhXr9x8yiRJpbcMjVj","stripe_charge","ch_1ITMAjAhXr9x8yiRJpbcMjVj","ch_1ITMAjAhXr9x8yiRJpbcMjVj","","15.84","0.95","14.89","USD","2021-03-10","received"
"pu_ch_1Ie0pKAhXr9x8yiR4jlukA2f","stripe_charge","ch_1Ie0pKAhXr9x8yiR4jlukA2f","ch_1Ie0pKAhXr9x8yiR4jlukA2f","","25.00","1.33","23.67","USD","2021-04-08","received"
"pu_ch_1IorliAhXr9x8yiRG48YW3BO","stripe_charge","ch_1IorliAhXr9x8yiRG48YW3BO","ch_1IorliAhXr9x8yiRG48YW3BO","","25.00","1.33","23.67","USD","2021-05-08","received"
"pu_ch_1J06tLAhXr9x8yiRw61Qivtz","stripe_charge","ch_1J06tLAhXr9x8yiRw61Qivtz","ch_1J06tLAhXr9x8yiRw61Qivtz","","25.00","1.33","23.67","USD","2021-06-08","received"
"pu_ch_1JAxp8AhXr9x8yiRp0AF9UKO","stripe_charge","ch_1JAxp8AhXr9x8yiRp0AF9UKO","ch_1JAxp8AhXr9x8yiRp0AF9UKO","","25.00","1.33","23.67","USD","2021-07-08","received"
"pu_ch_3JMFTvAhXr9x8yiR05k39R8y","stripe_charge","ch_3JMFTvAhXr9x8yiR05k39R8y","ch_3JMFTvAhXr9x8yiR05k39R8y","","25.00","1.33","23.67","USD","2021-08-08","received"
"pu_ch_3JO93xAhXr9x8yiR1aogGH4m","stripe_charge","ch_3JO93xAhXr9x8yiR1aogGH4m","ch_3JO93xAhXr9x8yiR1aogGH4m","","5176.29","212.53","4963.76","USD","2021-08-13","received"
"pu_ch_3JXUKOAhXr9x8yiR1HMlsoJu","stripe_charge","ch_3JXUKOAhXr9x8yiR1HMlsoJu","ch_3JXUKOAhXr9x8yiR1HMlsoJu","","25.00","1.33","23.67","USD","2021-09-08","received"
"pu_ch_3JgY8EAhXr9x8yiR0OdjVYVF","stripe_charge","ch_3JgY8EAhXr9x8yiR0OdjVYVF","ch_3JgY8EAhXr9x8yiR0OdjVYVF","","26.19","1.63","24.56","USD","2021-10-03","received"
"pu_ch_3JiLfrAhXr9x8yiR0YwxIVvM","stripe_charge","ch_3JiLfrAhXr9x8yiR0YwxIVvM","ch_3JiLfrAhXr9x8yiR0YwxIVvM","","25.00","1.33","23.67","USD","2021-10-08","received"
"pu_ch_3JtaW5AhXr9x8yiR11nozNsx","stripe_charge","ch_3JtaW5AhXr9x8yiR11nozNsx","ch_3JtaW5AhXr9x8yiR11nozNsx","","25.00","1.33","23.67","USD","2021-11-08","received"
"pu_ch_3K4WUdAhXr9x8yiR0GgEw5Py","stripe_charge","ch_3K4WUdAhXr9x8yiR0GgEw5Py","ch_3K4WUdAhXr9x8yiR0GgEw5Py","","5000.00","205.30","4794.70","USD","2021-12-08","received"
"pu_ch_3K4Zq5AhXr9x8yiR1k3hoQVV","stripe_charge","ch_3K4Zq5AhXr9x8yiR1k3hoQVV","ch_3K4Zq5AhXr9x8yiR1k3hoQVV","","517.91","21.53","496.38","USD","2021-12-08","received"
"pu_ch_3K4o5GAhXr9x8yiR0Tq3ZwJY","stripe_charge","ch_3K4o5GAhXr9x8yiR0Tq3ZwJY","ch_3K4o5GAhXr9x8yiR0Tq3ZwJY","","100.00","4.40","95.60","USD","2021-12-09","received"
"pu_ch_3K4qTwAhXr9x8yiR0pK6Dgt8","stripe_charge","ch_3K4qTwAhXr9x8yiR0pK6Dgt8","ch_3K4qTwAhXr9x8yiR0pK6Dgt8","","103.83","4.56","99.27","USD","2021-12-09","received"
"pu_ch_3K6ZwYAhXr9x8yiR1InFVHaE","stripe_charge","ch_3K6ZwYAhXr9x8yiR1InFVHaE","ch_3K6ZwYAhXr9x8yiR1InFVHaE","","250.00","10.55","239.45","USD","2021-12-14","received"
"pu_ch_3K6hokAhXr9x8yiR04ht7hoq","stripe_charge","ch_3K6hokAhXr9x8yiR04ht7hoq","ch_3K6hokAhXr9x8yiR04ht7hoq","","5176.29","212.53","4963.76","USD","2021-12-14","received"
"pu_ch_3K6zlWAhXr9x8yiR1df4MVEi","stripe_charge","ch_3K6zlWAhXr9x8yiR1df4MVEi","ch_3K6zlWAhXr9x8yiR1df4MVEi","","250.00","10.55","239.45","USD","2021-12-15","received"
"pu_ch_3K7Mf3AhXr9x8yiR1Zofog9p","stripe_charge","ch_3K7Mf3AhXr9x8yiR1Zofog9p","ch_3K7Mf3AhXr9x8yiR1Zofog9p","","50.00","2.35","47.65","USD","2021-12-16","received"
"pu_ch_3K7hO4AhXr9x8yiR0avGRHJU","stripe_charge","ch_3K7hO4AhXr9x8yiR0avGRHJU","ch_3K7hO4AhXr9x8yiR0avGRHJU","","50.00","2.35","47.65","USD","2021-12-17","received"
"pu_ch_3KCrHoAhXr9x8yiR1qEM78H6","stripe_charge","ch_3KCrHoAhXr9x8yiR1qEM78H6","ch_3KCrHoAhXr9x8yiR1qEM78H6","","259.11","10.92","248.19","USD","2021-12-31","received"
"pu_ch_3KYw8nAhXr9x8yiR0Jh2b7i6","stripe_charge","ch_3KYw8nAhXr9x8yiR0Jh2b7i6","ch_3KYw8nAhXr9x8yiR0Jh2b7i6","","21.01","1.16","19.85","USD","2022-03-02","received"
"pu_ch_3KZFh2AhXr9x8yiR0rr1AZNo","stripe_charge","ch_3KZFh2AhXr9x8yiR0rr1AZNo","ch_3KZFh2AhXr9x8yiR0rr1AZNo","","52.07","2.43","49.64","USD","2022-03-03","received"
"pu_ch_3KZGeUAhXr9x8yiR1sa5jrT5","stripe_charge","ch_3KZGeUAhXr9x8yiR1sa5jrT5","ch_3KZGeUAhXr9x8yiR1sa5jrT5","","50.00","2.35","47.65","USD","2022-03-03","received"
"pu_ch_3KZGhYAhXr9x8yiR0uxTZRc3","stripe_charge","ch_3KZGhYAhXr9x8yiR0uxTZRc3","ch_3KZGhYAhXr9x8yiR0uxTZRc3","","52.07","2.43","49.64","USD","2022-03-03","received"
"pu_ch_3Ka9uFAhXr9x8yiR05Xfum56","stripe_charge","ch_3Ka9uFAhXr9x8yiR05Xfum56","ch_3Ka9uFAhXr9x8yiR05Xfum56","","2000.00","82.30","1917.70","USD","2022-03-05","received"
"pu_ch_3KapgLAhXr9x8yiR1QaflMjk","stripe_charge","ch_3KapgLAhXr9x8yiR1QaflMjk","ch_3KapgLAhXr9x8yiR1QaflMjk","","103.83","4.56","99.27","USD","2022-03-07","received"
"pu_ch_3KbojKAhXr9x8yiR0sRgl9Ne","stripe_charge","ch_3KbojKAhXr9x8yiR0sRgl9Ne","ch_3KbojKAhXr9x8yiR0sRgl9Ne","","103.83","4.56","99.27","USD","2022-03-10","received"
"pu_ch_3KrChUAhXr9x8yiR01XG2KfV","stripe_charge","ch_3KrChUAhXr9x8yiR01XG2KfV","ch_3KrChUAhXr9x8yiR01XG2KfV","","52.07","2.43","49.64","USD","2022-04-21","received"
"pu_ch_3L8Ux4AhXr9x8yiR1eIThBuP","stripe_charge","ch_3L8Ux4AhXr9x8yiR1eIThBuP","ch_3L8Ux4AhXr9x8yiR1eIThBuP","","5.00","0.51","4.49","USD","2022-06-08","received"
"pu_ch_3LCpMJAhXr9x8yiR0Qwvoud6","stripe_charge","ch_3LCpMJAhXr9x8yiR0Qwvoud6","ch_3LCpMJAhXr9x8yiR0Qwvoud6","","26.19","1.37","24.82","USD","2022-06-20","received"
"pu_ch_3LCphjAhXr9x8yiR1C9DbW5v","stripe_charge","ch_3LCphjAhXr9x8yiR1C9DbW5v","ch_3LCphjAhXr9x8yiR1C9DbW5v","","52.07","2.43","49.64","USD","2022-06-20","received"
"pu_ch_3LCqWKAhXr9x8yiR1VNZMpxf","stripe_charge","ch_3LCqWKAhXr9x8yiR1VNZMpxf","ch_3LCqWKAhXr9x8yiR1VNZMpxf","","25.00","1.33","23.67","USD","2022-06-20","received"
"pu_ch_3LCqluAhXr9x8yiR0ugxWvyS","stripe_charge","ch_3LCqluAhXr9x8yiR0ugxWvyS","ch_3LCqluAhXr9x8yiR0ugxWvyS","","52.07","2.43","49.64","USD","2022-06-20","received"
"pu_ch_3LCsOXAhXr9x8yiR18Kq6B12","stripe_charge","ch_3LCsOXAhXr9x8yiR18Kq6B12","ch_3LCsOXAhXr9x8yiR18Kq6B12","","52.07","2.43","49.64","USD","2022-06-20","received"
"pu_ch_3LCxycAhXr9x8yiR1qROUq99","stripe_charge","ch_3LCxycAhXr9x8yiR1qROUq99","ch_3LCxycAhXr9x8yiR1qROUq99","","52.07","2.43","49.64","USD","2022-06-20","received"
"pu_ch_3LEv3JAhXr9x8yiR09oqdq5l","stripe_charge","ch_3LEv3JAhXr9x8yiR09oqdq5l","ch_3LEv3JAhXr9x8yiR09oqdq5l","","41.72","2.01","39.71","USD","2022-06-26","received"
"pu_ch_3LNfrvAhXr9x8yiR1eLqJLDi","stripe_charge","ch_3LNfrvAhXr9x8yiR1eLqJLDi","ch_3LNfrvAhXr9x8yiR1eLqJLDi","","52.07","2.43","49.64","USD","2022-07-20","received"
"pu_ch_3LOg6vAhXr9x8yiR1tMoByKp","stripe_charge","ch_3LOg6vAhXr9x8yiR1tMoByKp","ch_3LOg6vAhXr9x8yiR1tMoByKp","","517.91","21.53","496.38","USD","2022-07-23","received"
"pu_ch_3LPSnoAhXr9x8yiR0mZzEh3o","stripe_charge","ch_3LPSnoAhXr9x8yiR0mZzEh3o","ch_3LPSnoAhXr9x8yiR0mZzEh3o","","207.35","8.80","198.55","USD","2022-07-25","received"
"pu_ch_3LSPWVAhXr9x8yiR0e3krOFp","stripe_charge","ch_3LSPWVAhXr9x8yiR0e3krOFp","ch_3LSPWVAhXr9x8yiR0e3krOFp","","26.19","1.37","24.82","USD","2022-08-02","received"
"pu_ch_3LY7uWAhXr9x8yiR1Y6xBa5R","stripe_charge","ch_3LY7uWAhXr9x8yiR1Y6xBa5R","ch_3LY7uWAhXr9x8yiR1Y6xBa5R","","5.49","0.53","4.96","USD","2022-08-18","received"
"pu_ch_3LYudbAhXr9x8yiR1rzT97il","stripe_charge","ch_3LYudbAhXr9x8yiR1rzT97il","ch_3LYudbAhXr9x8yiR1rzT97il","","52.07","2.43","49.64","USD","2022-08-20","received"
"pu_ch_3LdhRVAhXr9x8yiR0vV9WIb8","stripe_charge","ch_3LdhRVAhXr9x8yiR0vV9WIb8","ch_3LdhRVAhXr9x8yiR0vV9WIb8","","3.00","0.43","2.57","USD","2022-09-02","received"
"pu_ch_3Lk9PKAhXr9x8yiR1vK1K1Xk","stripe_charge","ch_3Lk9PKAhXr9x8yiR1vK1K1Xk","ch_3Lk9PKAhXr9x8yiR1vK1K1Xk","","52.07","2.43","49.64","USD","2022-09-20","received"
"pu_ch_3LkSEKAhXr9x8yiR1CQwBar8","stripe_charge","ch_3LkSEKAhXr9x8yiR1CQwBar8","ch_3LkSEKAhXr9x8yiR1CQwBar8","","5.49","0.53","4.96","USD","2022-09-21","received"
"pu_ch_3LkonwAhXr9x8yiR14bGbfWH","stripe_charge","ch_3LkonwAhXr9x8yiR14bGbfWH","ch_3LkonwAhXr9x8yiR14bGbfWH","","26.19","1.37","24.82","USD","2022-09-22","received"
"pu_ch_3LkozMAhXr9x8yiR1OZLT8mb","stripe_charge","ch_3LkozMAhXr9x8yiR1OZLT8mb","ch_3LkozMAhXr9x8yiR1OZLT8mb","","259.11","10.92","248.19","USD","2022-09-22","received"
"pu_ch_3Lkp9VAhXr9x8yiR1mW323rm","stripe_charge","ch_3Lkp9VAhXr9x8yiR1mW323rm","ch_3Lkp9VAhXr9x8yiR1mW323rm","","50.00","2.35","47.65","USD","2022-09-22","received"
"pu_ch_3Lkq79AhXr9x8yiR1j9QRJqy","stripe_charge","ch_3Lkq79AhXr9x8yiR1j9QRJqy","ch_3Lkq79AhXr9x8yiR1j9QRJqy","","103.83","4.56","99.27","USD","2022-09-22","received"
"pu_ch_3LkqCaAhXr9x8yiR1PTFnzYq","stripe_charge","ch_3LkqCaAhXr9x8yiR1PTFnzYq","ch_3LkqCaAhXr9x8yiR1PTFnzYq","","25.00","1.33","23.67","USD","2022-09-22","received"
"pu_ch_3LkrHIAhXr9x8yiR0Gojppzf","stripe_charge","ch_3LkrHIAhXr9x8yiR0Gojppzf","ch_3LkrHIAhXr9x8yiR0Gojppzf","","103.83","4.56","99.27","USD","2022-09-22","received"
"pu_ch_3LkrayAhXr9x8yiR1qLNSIVH","stripe_charge","ch_3LkrayAhXr9x8yiR1qLNSIVH","ch_3LkrayAhXr9x8yiR1qLNSIVH","","103.83","4.56","99.27","USD","2022-09-22","received"
"pu_ch_3LkrprAhXr9x8yiR1TWP3WfX","stripe_charge","ch_3LkrprAhXr9x8yiR1TWP3WfX","ch_3LkrprAhXr9x8yiR1TWP3WfX","","103.83","4.56","99.27","USD","2022-09-22","received"
"pu_ch_3LksTpAhXr9x8yiR0Ir1olXW","stripe_charge","ch_3LksTpAhXr9x8yiR0Ir1olXW","ch_3LksTpAhXr9x8yiR0Ir1olXW","","15.84","0.95","14.89","USD","2022-09-22","received"
"pu_ch_3LksuYAhXr9x8yiR1MFnsAy0","stripe_charge","ch_3LksuYAhXr9x8yiR1MFnsAy0","ch_3LksuYAhXr9x8yiR1MFnsAy0","","50.00","2.35","47.65","USD","2022-09-22","received"
"pu_ch_3LktHuAhXr9x8yiR1kG9Lg5i","stripe_charge","ch_3LktHuAhXr9x8yiR1kG9Lg5i","ch_3LktHuAhXr9x8yiR1kG9Lg5i","","259.11","10.92","248.19","USD","2022-09-22","received"
"pu_ch_3LktfKAhXr9x8yiR1DLSQiwY","stripe_charge","ch_3LktfKAhXr9x8yiR1DLSQiwY","ch_3LktfKAhXr9x8yiR1DLSQiwY","","103.83","4.56","99.27","USD","2022-09-22","received"
"pu_ch_3LktgOAhXr9x8yiR0O08XAeo","stripe_charge","ch_3LktgOAhXr9x8yiR0O08XAeo","ch_3LktgOAhXr9x8yiR0O08XAeo","","103.83","4.56","99.27","USD","2022-09-22","received"
"pu_ch_3LkvmIAhXr9x8yiR1BSaCMvL","stripe_charge","ch_3LkvmIAhXr9x8yiR1BSaCMvL","ch_3LkvmIAhXr9x8yiR1BSaCMvL","","103.83","4.56","99.27","USD","2022-09-22","received"
"pu_ch_3LkwcRAhXr9x8yiR1wCnlNlc","stripe_charge","ch_3LkwcRAhXr9x8yiR1wCnlNlc","ch_3LkwcRAhXr9x8yiR1wCnlNlc","","103.83","4.56","99.27","USD","2022-09-22","received"
"pu_ch_3Ll07GAhXr9x8yiR1fqeZngj","stripe_charge","ch_3Ll07GAhXr9x8yiR1fqeZngj","ch_3Ll07GAhXr9x8yiR1fqeZngj","","26.19","1.37","24.82","USD","2022-09-22","received"
"pu_ch_3LlDh5AhXr9x8yiR1iZxNGfY","stripe_charge","ch_3LlDh5AhXr9x8yiR1iZxNGfY","ch_3LlDh5AhXr9x8yiR1iZxNGfY","","77.95","3.50","74.45","USD","2022-09-23","received"
"pu_ch_3LlIIkAhXr9x8yiR0lgPzVXY","stripe_charge","ch_3LlIIkAhXr9x8yiR0lgPzVXY","ch_3LlIIkAhXr9x8yiR0lgPzVXY","","100.00","4.40","95.60","USD","2022-09-23","received"
"pu_ch_3LlLODAhXr9x8yiR0nEFc1os","stripe_charge","ch_3LlLODAhXr9x8yiR0nEFc1os","ch_3LlLODAhXr9x8yiR0nEFc1os","","26.19","1.37","24.82","USD","2022-09-23","received"
"pu_ch_3LlfhrAhXr9x8yiR0LdlCLMj","stripe_charge","ch_3LlfhrAhXr9x8yiR0LdlCLMj","ch_3LlfhrAhXr9x8yiR0LdlCLMj","","26.19","1.37","24.82","USD","2022-09-24","received"
"pu_ch_3Llz4zAhXr9x8yiR1mQOZct6","stripe_charge","ch_3Llz4zAhXr9x8yiR1mQOZct6","ch_3Llz4zAhXr9x8yiR1mQOZct6","","100.00","4.40","95.60","USD","2022-09-25","received"
"pu_ch_3Lm1o5AhXr9x8yiR06m8a8K0","stripe_charge","ch_3Lm1o5AhXr9x8yiR06m8a8K0","ch_3Lm1o5AhXr9x8yiR06m8a8K0","","103.83","4.56","99.27","USD","2022-09-25","received"
"pu_ch_3LmFRdAhXr9x8yiR0VicBd8V","stripe_charge","ch_3LmFRdAhXr9x8yiR0VicBd8V","ch_3LmFRdAhXr9x8yiR0VicBd8V","","1035.51","42.76","992.75","USD","2022-09-26","received"
"pu_ch_3LmGW2AhXr9x8yiR1GTkkPU4","stripe_charge","ch_3LmGW2AhXr9x8yiR1GTkkPU4","ch_3LmGW2AhXr9x8yiR1GTkkPU4","","100.00","4.40","95.60","USD","2022-09-26","received"
"pu_ch_3LmLikAhXr9x8yiR1OxWYIRW","stripe_charge","ch_3LmLikAhXr9x8yiR1OxWYIRW","ch_3LmLikAhXr9x8yiR1OxWYIRW","","100.00","4.40","95.60","USD","2022-09-26","received"
"pu_ch_3LmQ5eAhXr9x8yiR0iMbqF8n","stripe_charge","ch_3LmQ5eAhXr9x8yiR0iMbqF8n","ch_3LmQ5eAhXr9x8yiR0iMbqF8n","","20.00","1.12","18.88","USD","2022-09-26","received"
"pu_ch_3Lmqw1AhXr9x8yiR1MFA4TxZ","stripe_charge","ch_3Lmqw1AhXr9x8yiR1MFA4TxZ","ch_3Lmqw1AhXr9x8yiR1MFA4TxZ","","136.00","5.87","130.13","USD","2022-09-27","received"
"pu_ch_3Ln5WrAhXr9x8yiR134Q2sGI","stripe_charge","ch_3Ln5WrAhXr9x8yiR134Q2sGI","ch_3Ln5WrAhXr9x8yiR134Q2sGI","","259.11","10.92","248.19","USD","2022-09-28","received"
"pu_ch_3LnOgRAhXr9x8yiR0fiZ6tQX","stripe_charge","ch_3LnOgRAhXr9x8yiR0fiZ6tQX","ch_3LnOgRAhXr9x8yiR0fiZ6tQX","","259.11","10.92","248.19","USD","2022-09-29","received"
"pu_ch_3LnsqvAhXr9x8yiR1btYvYin","stripe_charge","ch_3LnsqvAhXr9x8yiR1btYvYin","ch_3LnsqvAhXr9x8yiR1btYvYin","","103.83","4.56","99.27","USD","2022-09-30","received"
"pu_ch_3LoArlAhXr9x8yiR0dtsBBji","stripe_charge","ch_3LoArlAhXr9x8yiR0dtsBBji","ch_3LoArlAhXr9x8yiR0dtsBBji","","103.83","4.56","99.27","USD","2022-10-01","received"
"pu_ch_3LowvBAhXr9x8yiR1fVy0Blc","stripe_charge","ch_3LowvBAhXr9x8yiR1fVy0Blc","ch_3LowvBAhXr9x8yiR1fVy0Blc","","103.83","4.56","99.27","USD","2022-10-03","received"
"pu_ch_3Lv1ipAhXr9x8yiR15JvuQlT","stripe_charge","ch_3Lv1ipAhXr9x8yiR15JvuQlT","ch_3Lv1ipAhXr9x8yiR15JvuQlT","","52.07","2.59","49.48","USD","2022-10-20","received"
"pu_ch_3M6GPRAhXr9x8yiR1SH6j26D","stripe_charge","ch_3M6GPRAhXr9x8yiR1SH6j26D","ch_3M6GPRAhXr9x8yiR1SH6j26D","","52.07","2.59","49.48","USD","2022-11-20","received"
"pu_ch_3M6cb3AhXr9x8yiR1A59mrp9","stripe_charge","ch_3M6cb3AhXr9x8yiR1A59mrp9","ch_3M6cb3AhXr9x8yiR1A59mrp9","","5.00","0.53","4.47","USD","2022-11-21","received"
"pu_ch_3M9XcOAhXr9x8yiR0iAC7wkn","stripe_charge","ch_3M9XcOAhXr9x8yiR0iAC7wkn","ch_3M9XcOAhXr9x8yiR0iAC7wkn","","5.00","0.53","4.47","USD","2022-11-29","received"
"pu_ch_3M9YDIAhXr9x8yiR1RV3ImeD","stripe_charge","ch_3M9YDIAhXr9x8yiR1RV3ImeD","ch_3M9YDIAhXr9x8yiR1RV3ImeD","","5.00","0.53","4.47","USD","2022-11-29","received"
"pu_ch_3M9hQdAhXr9x8yiR0o3xafDZ","stripe_charge","ch_3M9hQdAhXr9x8yiR0o3xafDZ","ch_3M9hQdAhXr9x8yiR0o3xafDZ","","26.27","1.45","24.82","USD","2022-11-29","received"
"pu_ch_3M9xyTAhXr9x8yiR0pVyqVE4","stripe_charge","ch_3M9xyTAhXr9x8yiR0pVyqVE4","ch_3M9xyTAhXr9x8yiR0pVyqVE4","","52.23","2.59","49.64","USD","2022-11-30","received"
"pu_ch_3MBimpAhXr9x8yiR0v7egT8X","stripe_charge","ch_3MBimpAhXr9x8yiR0v7egT8X","ch_3MBimpAhXr9x8yiR0v7egT8X","","259.92","11.74","248.18","USD","2022-12-05","received"
"pu_ch_3MBj9RAhXr9x8yiR0n9G3WEC","stripe_charge","ch_3MBj9RAhXr9x8yiR0n9G3WEC","ch_3MBj9RAhXr9x8yiR0n9G3WEC","","50.00","2.50","47.50","USD","2022-12-05","received"
"pu_ch_3MBkGSAhXr9x8yiR0lnMLEPu","stripe_charge","ch_3MBkGSAhXr9x8yiR0lnMLEPu","ch_3MBkGSAhXr9x8yiR0lnMLEPu","","5000.00","220.30","4779.70","USD","2022-12-05","received"
"pu_ch_3MBq1OAhXr9x8yiR1ATPKrSN","stripe_charge","ch_3MBq1OAhXr9x8yiR1ATPKrSN","ch_3MBq1OAhXr9x8yiR1ATPKrSN","","519.52","23.16","496.36","USD","2022-12-05","received"
"pu_ch_3MDU2GAhXr9x8yiR0nxefQ3b","stripe_charge","ch_3MDU2GAhXr9x8yiR0nxefQ3b","ch_3MDU2GAhXr9x8yiR0nxefQ3b","","208.00","9.45","198.55","USD","2022-12-10","received"
"pu_ch_3MH8lXAhXr9x8yiR1MIa4Zti","stripe_charge","ch_3MH8lXAhXr9x8yiR1MIa4Zti","ch_3MH8lXAhXr9x8yiR1MIa4Zti","","52.07","2.59","49.48","USD","2022-12-20","received"
"pu_ch_3MJNx4AhXr9x8yiR1eTvCuY3","stripe_charge","ch_3MJNx4AhXr9x8yiR1eTvCuY3","ch_3MJNx4AhXr9x8yiR1eTvCuY3","","250.00","11.30","238.70","USD","2022-12-26","received"
"pu_ch_3MSNXNAhXr9x8yiR1FHIwrDj","stripe_charge","ch_3MSNXNAhXr9x8yiR1FHIwrDj","ch_3MSNXNAhXr9x8yiR1FHIwrDj","","52.07","2.59","49.48","USD","2023-01-20","received"
"pu_ch_3MdcMJAhXr9x8yiR03BOOQiC","stripe_charge","ch_3MdcMJAhXr9x8yiR03BOOQiC","ch_3MdcMJAhXr9x8yiR03BOOQiC","","52.07","2.59","49.48","USD","2023-02-20","received"
"pu_ch_3MhixaAhXr9x8yiR08XvkiAJ","stripe_charge","ch_3MhixaAhXr9x8yiR08XvkiAJ","ch_3MhixaAhXr9x8yiR08XvkiAJ","","727.21","32.30","694.91","USD","2023-03-03","received"
"pu_ch_3MmPDNAhXr9x8yiR1ou1DrQn","stripe_charge","ch_3MmPDNAhXr9x8yiR1ou1DrQn","ch_3MmPDNAhXr9x8yiR1ou1DrQn","","5.50","0.54","4.96","USD","2023-03-16","received"
"pu_ch_3MnlfWAhXr9x8yiR0OkddHf0","stripe_charge","ch_3MnlfWAhXr9x8yiR0OkddHf0","ch_3MnlfWAhXr9x8yiR0OkddHf0","","52.07","2.59","49.48","USD","2023-03-20","received"
"pu_ch_3N9AzEAhXr9x8yiR0VV5iWfR","stripe_charge","ch_3N9AzEAhXr9x8yiR0VV5iWfR","ch_3N9AzEAhXr9x8yiR0VV5iWfR","","500.00","22.30","477.70","USD","2023-05-18","received"
"pu_ch_3N9FvgAhXr9x8yiR0HHxu60S","stripe_charge","ch_3N9FvgAhXr9x8yiR0HHxu60S","ch_3N9FvgAhXr9x8yiR0HHxu60S","","5192.42","228.77","4963.65","USD","2023-05-18","received"
"pu_ch_3NCu8UAhXr9x8yiR04WhMXe8","stripe_charge","ch_3NCu8UAhXr9x8yiR04WhMXe8","ch_3NCu8UAhXr9x8yiR04WhMXe8","","259.92","11.74","248.18","USD","2023-05-28","received"
"pu_ch_3OTBCUAhXr9x8yiR09ZmWvEs","stripe_charge","ch_3OTBCUAhXr9x8yiR09ZmWvEs","ch_3OTBCUAhXr9x8yiR09ZmWvEs","","250.00","11.93","238.07","USD","2023-12-30","received"
"pu_ch_3QFhwbAhXr9x8yiR0dRvpvDx","stripe_charge","ch_3QFhwbAhXr9x8yiR0dRvpvDx","ch_3QFhwbAhXr9x8yiR0dRvpvDx","","5.00","0.54","4.46","USD","2024-10-30","received"
"pu_ch_3QHaobAhXr9x8yiR1Sfqdpmi","stripe_charge","ch_3QHaobAhXr9x8yiR1Sfqdpmi","ch_3QHaobAhXr9x8yiR1Sfqdpmi","","5.52","0.56","4.96","USD","2024-11-04","received"
"pu_ch_3QHavPAhXr9x8yiR0mi8lXtc","stripe_charge","ch_3QHavPAhXr9x8yiR0mi8lXtc","ch_3QHavPAhXr9x8yiR0mi8lXtc","","5.52","0.56","4.96","USD","2024-11-04","received"
"pu_ch_3QIGEFAhXr9x8yiR171HUn5J","stripe_charge","ch_3QIGEFAhXr9x8yiR171HUn5J","ch_3QIGEFAhXr9x8yiR171HUn5J","","1041.44","48.73","992.71","USD","2024-11-06","received"
"pu_ch_3QKjYpAhXr9x8yiR1MREmvtd","stripe_charge","ch_3QKjYpAhXr9x8yiR1MREmvtd","ch_3QKjYpAhXr9x8yiR1MREmvtd","","100.00","4.95","95.05","USD","2024-11-13","received"
"pu_ch_3QKn0VAhXr9x8yiR0TAYKR5p","stripe_charge","ch_3QKn0VAhXr9x8yiR0TAYKR5p","ch_3QKn0VAhXr9x8yiR0TAYKR5p","","200.00","9.60","190.40","USD","2024-11-13","received"
"pu_ch_3QKoLrAhXr9x8yiR0Mg7zprN","stripe_charge","ch_3QKoLrAhXr9x8yiR0Mg7zprN","ch_3QKoLrAhXr9x8yiR0Mg7zprN","","5.52","0.56","4.96","USD","2024-11-13","received"
"pu_ch_3QLA56AhXr9x8yiR0u2EP3zw","stripe_charge","ch_3QLA56AhXr9x8yiR0u2EP3zw","ch_3QLA56AhXr9x8yiR0u2EP3zw","","200.00","9.60","190.40","USD","2024-11-14","received"
"pu_ch_3QLXUJAhXr9x8yiR1qYT8ibj","stripe_charge","ch_3QLXUJAhXr9x8yiR1qYT8ibj","ch_3QLXUJAhXr9x8yiR1qYT8ibj","","250.00","11.93","238.07","USD","2024-11-15","received"
"pu_ch_3QNKW6AhXr9x8yiR0XRUjz5h","stripe_charge","ch_3QNKW6AhXr9x8yiR0XRUjz5h","ch_3QNKW6AhXr9x8yiR0XRUjz5h","","5000.00","232.80","4767.20","USD","2024-11-20","received"
"pu_ch_3QNRWYAhXr9x8yiR0AQrmQz3","stripe_charge","ch_3QNRWYAhXr9x8yiR0AQrmQz3","ch_3QNRWYAhXr9x8yiR0AQrmQz3","","26.34","1.52","24.82","USD","2024-11-20","received"
"pu_ch_3QRy5dAhXr9x8yiR0QfQ0UG7","stripe_charge","ch_3QRy5dAhXr9x8yiR0QfQ0UG7","ch_3QRy5dAhXr9x8yiR0QfQ0UG7","","115.88","5.69","110.19","USD","2024-12-03","received"
"pu_ch_3QRyX0AhXr9x8yiR1mSseuVu","stripe_charge","ch_3QRyX0AhXr9x8yiR1mSseuVu","ch_3QRyX0AhXr9x8yiR1mSseuVu","","75.00","3.79","71.21","USD","2024-12-03","received"
"pu_ch_3QRyeeAhXr9x8yiR14sgI9Aq","stripe_charge","ch_3QRyeeAhXr9x8yiR14sgI9Aq","ch_3QRyeeAhXr9x8yiR14sgI9Aq","","52.37","2.74","49.63","USD","2024-12-03","received"
"pu_ch_3QRzCyAhXr9x8yiR1VF62JGM","stripe_charge","ch_3QRzCyAhXr9x8yiR1VF62JGM","ch_3QRzCyAhXr9x8yiR1VF62JGM","","100.00","4.95","95.05","USD","2024-12-03","received"
"pu_ch_3QS0GcAhXr9x8yiR1ZOsNan3","stripe_charge","ch_3QS0GcAhXr9x8yiR1ZOsNan3","ch_3QS0GcAhXr9x8yiR1ZOsNan3","","30.00","1.69","28.31","USD","2024-12-03","received"
"pu_ch_3QS1fSAhXr9x8yiR1ADsOdkB","stripe_charge","ch_3QS1fSAhXr9x8yiR1ADsOdkB","ch_3QS1fSAhXr9x8yiR1ADsOdkB","","156.48","7.58","148.90","USD","2024-12-03","received"
"pu_ch_3QS1jjAhXr9x8yiR123xEiuh","stripe_charge","ch_3QS1jjAhXr9x8yiR123xEiuh","ch_3QS1jjAhXr9x8yiR123xEiuh","","26.34","1.52","24.82","USD","2024-12-03","received"
"pu_ch_3QS2G3AhXr9x8yiR0LRsxhSP","stripe_charge","ch_3QS2G3AhXr9x8yiR0LRsxhSP","ch_3QS2G3AhXr9x8yiR0LRsxhSP","","500.00","23.55","476.45","USD","2024-12-03","received"
"pu_ch_3QS9HZAhXr9x8yiR12O8MceN","stripe_charge","ch_3QS9HZAhXr9x8yiR12O8MceN","ch_3QS9HZAhXr9x8yiR12O8MceN","","1000.00","46.80","953.20","USD","2024-12-03","received"
"pu_ch_3QSN8kAhXr9x8yiR1YszMe0N","stripe_charge","ch_3QSN8kAhXr9x8yiR1YszMe0N","ch_3QSN8kAhXr9x8yiR1YszMe0N","","156.48","7.58","148.90","USD","2024-12-04","received"
"pu_ch_3QSfRbAhXr9x8yiR0JSAMVce","stripe_charge","ch_3QSfRbAhXr9x8yiR0JSAMVce","ch_3QSfRbAhXr9x8yiR0JSAMVce","","100.00","4.95","95.05","USD","2024-12-05","received"
"pu_ch_3QT4i6AhXr9x8yiR1uKRqIP3","stripe_charge","ch_3QT4i6AhXr9x8yiR1uKRqIP3","ch_3QT4i6AhXr9x8yiR1uKRqIP3","","50.00","2.63","47.37","USD","2024-12-06","received"
"pu_ch_3QVbx2AhXr9x8yiR02dcYYth","stripe_charge","ch_3QVbx2AhXr9x8yiR02dcYYth","ch_3QVbx2AhXr9x8yiR02dcYYth","","25.00","1.47","23.53","USD","2024-12-13","received"
"pu_ch_3QXee6AhXr9x8yiR0pYf7jfC","stripe_charge","ch_3QXee6AhXr9x8yiR0pYf7jfC","ch_3QXee6AhXr9x8yiR0pYf7jfC","","52.37","2.74","49.63","USD","2024-12-19","received"
"pu_ch_3QXlsgAhXr9x8yiR18k6UJEP","stripe_charge","ch_3QXlsgAhXr9x8yiR18k6UJEP","ch_3QXlsgAhXr9x8yiR18k6UJEP","","75.00","3.79","71.21","USD","2024-12-19","received"
"pu_ch_3QYoMsAhXr9x8yiR0pyjDSJD","stripe_charge","ch_3QYoMsAhXr9x8yiR0pyjDSJD","ch_3QYoMsAhXr9x8yiR0pyjDSJD","","1000.00","46.80","953.20","USD","2024-12-22","received"
"pu_ch_3QZf3QAhXr9x8yiR0BJFSTLC","stripe_charge","ch_3QZf3QAhXr9x8yiR0BJFSTLC","ch_3QZf3QAhXr9x8yiR0BJFSTLC","","156.48","7.58","148.90","USD","2024-12-24","received"
"pu_ch_3Qa1PxAhXr9x8yiR0GYIXgbd","stripe_charge","ch_3Qa1PxAhXr9x8yiR0GYIXgbd","ch_3Qa1PxAhXr9x8yiR0GYIXgbd","","156.48","7.58","148.90","USD","2024-12-25","received"
"pu_ch_3QblmwAhXr9x8yiR17jd8x9K","stripe_charge","ch_3QblmwAhXr9x8yiR17jd8x9K","ch_3QblmwAhXr9x8yiR17jd8x9K","","500.00","23.55","476.45","USD","2024-12-30","received"
"pu_ch_3QbndyAhXr9x8yiR0T2yRkGy","stripe_charge","ch_3QbndyAhXr9x8yiR0T2yRkGy","ch_3QbndyAhXr9x8yiR0T2yRkGy","","156.48","7.58","148.90","USD","2024-12-30","received"
"pu_ch_3QcFpQAhXr9x8yiR09juSiH4","stripe_charge","ch_3QcFpQAhXr9x8yiR09juSiH4","ch_3QcFpQAhXr9x8yiR09juSiH4","","104.42","5.16","99.26","USD","2024-12-31","received"
"pu_ch_3QcJEuAhXr9x8yiR1g8u6qH7","stripe_charge","ch_3QcJEuAhXr9x8yiR1g8u6qH7","ch_3QcJEuAhXr9x8yiR1g8u6qH7","","50.00","2.63","47.37","USD","2024-12-31","received"
"pu_ch_3Qcu6sAhXr9x8yiR1Ih7MFvv","stripe_charge","ch_3Qcu6sAhXr9x8yiR1Ih7MFvv","ch_3Qcu6sAhXr9x8yiR1Ih7MFvv","","150.00","7.27","142.73","USD","2025-01-02","received"
"pu_ch_3QkF0iAhXr9x8yiR0aG7zEOW","stripe_charge","ch_3QkF0iAhXr9x8yiR0aG7zEOW","ch_3QkF0iAhXr9x8yiR0aG7zEOW","","52.37","2.74","49.63","USD","2025-01-22","received"
"pu_ch_3QpWAcAhXr9x8yiR042N6uyY","stripe_charge","ch_3QpWAcAhXr9x8yiR042N6uyY","ch_3QpWAcAhXr9x8yiR042N6uyY","","750.00","35.17","714.83","USD","2025-02-06","received"
"pu_ch_3Qwbt5AhXr9x8yiR1xoi7vsN","stripe_charge","ch_3Qwbt5AhXr9x8yiR1xoi7vsN","ch_3Qwbt5AhXr9x8yiR1xoi7vsN","","200.00","9.60","190.40","USD","2025-02-25","received"
"pu_ch_3RGjU9AhXr9x8yiR0R0PeFa8","stripe_charge","ch_3RGjU9AhXr9x8yiR0R0PeFa8","ch_3RGjU9AhXr9x8yiR0R0PeFa8","","2000.00","98.30","1901.70","USD","2025-04-22","received"
"pu_ch_3RlWooAhXr9x8yiR0HK7xQdP","stripe_charge","ch_3RlWooAhXr9x8yiR0HK7xQdP","ch_3RlWooAhXr9x8yiR0HK7xQdP","","200.00","10.10","189.90","USD","2025-07-16","received"
"pu_ch_3RvecrAhXr9x8yiR1MYv6Tai","stripe_charge","ch_3RvecrAhXr9x8yiR1MYv6Tai","ch_3RvecrAhXr9x8yiR1MYv6Tai","","2088.00","102.61","1985.39","USD","2025-08-13","received"
"pu_ch_3Rvi39AhXr9x8yiR01szC5Pc","stripe_charge","ch_3Rvi39AhXr9x8yiR01szC5Pc","ch_3Rvi39AhXr9x8yiR01szC5Pc","","26.41","1.60","24.81","USD","2025-08-13","received"
"pu_ch_3RvidgAhXr9x8yiR0TLkjwVd","stripe_charge","ch_3RvidgAhXr9x8yiR0TLkjwVd","ch_3RvidgAhXr9x8yiR0TLkjwVd","","50.00","2.75","47.25","USD","2025-08-13","received"
"pu_ch_3RvihLAhXr9x8yiR0ViwOyKC","stripe_charge","ch_3RvihLAhXr9x8yiR0ViwOyKC","ch_3RvihLAhXr9x8yiR0ViwOyKC","","3.00","0.45","2.55","USD","2025-08-13","received"
"pu_ch_3RvimpAhXr9x8yiR17gsBOrs","stripe_charge","ch_3RvimpAhXr9x8yiR17gsBOrs","ch_3RvimpAhXr9x8yiR17gsBOrs","","3.00","0.45","2.55","USD","2025-08-13","received"
"pu_ch_3S83otAhXr9x8yiR13Sxo7PH","stripe_charge","ch_3S83otAhXr9x8yiR13Sxo7PH","ch_3S83otAhXr9x8yiR13Sxo7PH","","100.00","5.20","94.80","USD","2025-09-16","received"
"pu_ch_3SQcL3AhXr9x8yiR1hl9JboW","stripe_charge","ch_3SQcL3AhXr9x8yiR1hl9JboW","ch_3SQcL3AhXr9x8yiR1hl9JboW","","5.54","0.57","4.97","USD","2025-11-06","received"
"pu_ch_3SSgzAAhXr9x8yiR0u7Ldd7C","stripe_charge","ch_3SSgzAAhXr9x8yiR0u7Ldd7C","ch_3SSgzAAhXr9x8yiR0u7Ldd7C","","50.00","2.75","47.25","USD","2025-11-12","received"
"pu_ch_3SSpvNAhXr9x8yiR0cDoTqWj","stripe_charge","ch_3SSpvNAhXr9x8yiR0cDoTqWj","ch_3SSpvNAhXr9x8yiR0cDoTqWj","","5.00","0.55","4.45","USD","2025-11-12","received"
"pu_ch_3SSyhhAhXr9x8yiR1zQ2uNyr","stripe_charge","ch_3SSyhhAhXr9x8yiR1zQ2uNyr","ch_3SSyhhAhXr9x8yiR1zQ2uNyr","","5.00","0.55","4.45","USD","2025-11-13","received"
"pu_ch_3SSylDAhXr9x8yiR0uS4G7Me","stripe_charge","ch_3SSylDAhXr9x8yiR0uS4G7Me","ch_3SSylDAhXr9x8yiR0uS4G7Me","","5.00","0.55","4.45","USD","2025-11-13","received"
"pu_ch_3ST2atAhXr9x8yiR1JsCQbIx","stripe_charge","ch_3ST2atAhXr9x8yiR1JsCQbIx","ch_3ST2atAhXr9x8yiR1JsCQbIx","","5.00","0.55","4.45","USD","2025-11-13","received"
"pu_ch_3SUByYAhXr9x8yiR1cJfV6GH","stripe_charge","ch_3SUByYAhXr9x8yiR1cJfV6GH","ch_3SUByYAhXr9x8yiR1cJfV6GH","","50.00","2.75","47.25","USD","2025-11-16","received"
"pu_ch_3SZwXKAhXr9x8yiR0byK60TY","stripe_charge","ch_3SZwXKAhXr9x8yiR0byK60TY","ch_3SZwXKAhXr9x8yiR0byK60TY","","50.00","2.75","47.25","USD","2025-12-02","received"
"pu_ch_3SZxnJAhXr9x8yiR1U80Pvs5","stripe_charge","ch_3SZxnJAhXr9x8yiR1U80Pvs5","ch_3SZxnJAhXr9x8yiR1U80Pvs5","","574.43","28.45","545.98","USD","2025-12-02","received"
"pu_ch_3SaGCMAhXr9x8yiR1cxBjssT","stripe_charge","ch_3SaGCMAhXr9x8yiR1cxBjssT","ch_3SaGCMAhXr9x8yiR1cxBjssT","","50.00","2.75","47.25","USD","2025-12-03","received"
"pu_ch_3SaGxQAhXr9x8yiR0dgnhMoa","stripe_charge","ch_3SaGxQAhXr9x8yiR0dgnhMoa","ch_3SaGxQAhXr9x8yiR0dgnhMoa","","50.00","2.75","47.25","USD","2025-12-03","received"
"pu_ch_3SaIMaAhXr9x8yiR0JW114pg","stripe_charge","ch_3SaIMaAhXr9x8yiR0JW114pg","ch_3SaIMaAhXr9x8yiR0JW114pg","","104.70","5.43","99.27","USD","2025-12-03","received"
"pu_ch_3SaIvNAhXr9x8yiR06wLwN95","stripe_charge","ch_3SaIvNAhXr9x8yiR06wLwN95","ch_3SaIvNAhXr9x8yiR06wLwN95","","10.00","0.79","9.21","USD","2025-12-03","received"
"pu_ch_3SaM9IAhXr9x8yiR1bquhGnR","stripe_charge","ch_3SaM9IAhXr9x8yiR1bquhGnR","ch_3SaM9IAhXr9x8yiR1bquhGnR","","26.41","1.60","24.81","USD","2025-12-03","received"
"pu_ch_3SaYa3AhXr9x8yiR11OsO74u","stripe_charge","ch_3SaYa3AhXr9x8yiR11OsO74u","ch_3SaYa3AhXr9x8yiR11OsO74u","","156.89","10.34","146.55","USD","2025-12-04","received"
"pu_ch_3SfLugAhXr9x8yiR0jvxbamr","stripe_charge","ch_3SfLugAhXr9x8yiR0jvxbamr","ch_3SfLugAhXr9x8yiR0jvxbamr","","522.24","25.88","496.36","USD","2025-12-17","received"
"pu_ch_3SfP1dAhXr9x8yiR1VZkvcxL","stripe_charge","ch_3SfP1dAhXr9x8yiR1VZkvcxL","ch_3SfP1dAhXr9x8yiR1VZkvcxL","","1000.00","49.30","950.70","USD","2025-12-17","received"
"pu_ch_3Sg2waAhXr9x8yiR0RriKFuA","stripe_charge","ch_3Sg2waAhXr9x8yiR0RriKFuA","ch_3Sg2waAhXr9x8yiR0RriKFuA","","100.00","5.20","94.80","USD","2025-12-19","received"
"pu_ch_3ShBTqAhXr9x8yiR0hT9X8Ay","stripe_charge","ch_3ShBTqAhXr9x8yiR0hT9X8Ay","ch_3ShBTqAhXr9x8yiR0hT9X8Ay","","1044.16","51.46","992.70","USD","2025-12-22","received"
"pu_ch_3ShCS4AhXr9x8yiR1zCjZw6i","stripe_charge","ch_3ShCS4AhXr9x8yiR1zCjZw6i","ch_3ShCS4AhXr9x8yiR1zCjZw6i","","522.24","25.88","496.36","USD","2025-12-22","received"
"pu_ch_3SjkcNAhXr9x8yiR01io4fqO","stripe_charge","ch_3SjkcNAhXr9x8yiR01io4fqO","ch_3SjkcNAhXr9x8yiR01io4fqO","","100.00","5.20","94.80","USD","2025-12-29","received"
"pu_ch_3SkCfoAhXr9x8yiR1qef9diw","stripe_charge","ch_3SkCfoAhXr9x8yiR1qef9diw","ch_3SkCfoAhXr9x8yiR1qef9diw","","522.24","25.88","496.36","USD","2025-12-30","received"
"pu_ch_3SkdrJAhXr9x8yiR1yMvW5mH","stripe_charge","ch_3SkdrJAhXr9x8yiR1yMvW5mH","ch_3SkdrJAhXr9x8yiR1yMvW5mH","","104.70","5.43","99.27","USD","2025-12-31","received"
"pu_ch_3St9moAhXr9x8yiR0V0dIEJR","stripe_charge","ch_3St9moAhXr9x8yiR0V0dIEJR","ch_3St9moAhXr9x8yiR0V0dIEJR","","150.00","7.65","142.35","USD","2026-01-24","received"
"pu_ch_3SuMEZAhXr9x8yiR1CURblou","stripe_charge","ch_3SuMEZAhXr9x8yiR1CURblou","ch_3SuMEZAhXr9x8yiR1CURblou","","261.28","13.11","248.17","USD","2026-01-27","received"
"pu_ch_3SzglzAhXr9x8yiR0IyHG4fk","stripe_charge","ch_3SzglzAhXr9x8yiR0IyHG4fk","ch_3SzglzAhXr9x8yiR0IyHG4fk","","5.00","0.55","4.45","USD","2026-02-11","received"
"pu_ch_3SzhDaAhXr9x8yiR0EVOeJ6V","stripe_charge","ch_3SzhDaAhXr9x8yiR0EVOeJ6V","ch_3SzhDaAhXr9x8yiR0EVOeJ6V","","100.00","5.20","94.80","USD","2026-02-11","received"
"pu_ch_3SziCJAhXr9x8yiR0c6doAxI","stripe_charge","ch_3SziCJAhXr9x8yiR0c6doAxI","ch_3SziCJAhXr9x8yiR0c6doAxI","","209.09","10.54","198.55","USD","2026-02-11","received"
"pu_ch_3SziGcAhXr9x8yiR1GfWYnNI","stripe_charge","ch_3SziGcAhXr9x8yiR1GfWYnNI","ch_3SziGcAhXr9x8yiR1GfWYnNI","","261.28","13.11","248.17","USD","2026-02-11","received"
"pu_ch_3SziJiAhXr9x8yiR0Bdy5ndi","stripe_charge","ch_3SziJiAhXr9x8yiR0Bdy5ndi","ch_3SziJiAhXr9x8yiR0Bdy5ndi","","104.70","5.43","99.27","USD","2026-02-11","received"
"pu_ch_3Szik8AhXr9x8yiR07lTkd1e","stripe_charge","ch_3Szik8AhXr9x8yiR07lTkd1e","ch_3Szik8AhXr9x8yiR07lTkd1e","","50.00","2.75","47.25","USD","2026-02-11","received"
"pu_ch_3SziwfAhXr9x8yiR1j5TURZW","stripe_charge","ch_3SziwfAhXr9x8yiR1j5TURZW","ch_3SziwfAhXr9x8yiR1j5TURZW","","250.00","12.55","237.45","USD","2026-02-11","received"
"pu_ch_3SzkSWAhXr9x8yiR1xqvQtdA","stripe_charge","ch_3SzkSWAhXr9x8yiR1xqvQtdA","ch_3SzkSWAhXr9x8yiR1xqvQtdA","","1044.16","51.46","992.70","USD","2026-02-11","received"
"pu_ch_3SzqnVAhXr9x8yiR1aLk4cBK","stripe_charge","ch_3SzqnVAhXr9x8yiR1aLk4cBK","ch_3SzqnVAhXr9x8yiR1aLk4cBK","","100.00","5.20","94.80","USD","2026-02-11","received"
"pu_ch_3T008lAhXr9x8yiR07MwHsWR","stripe_charge","ch_3T008lAhXr9x8yiR07MwHsWR","ch_3T008lAhXr9x8yiR07MwHsWR","","104.70","5.43","99.27","USD","2026-02-12","received"
"pu_ch_3T00g6AhXr9x8yiR0Ee4lN9J","stripe_charge","ch_3T00g6AhXr9x8yiR0Ee4lN9J","ch_3T00g6AhXr9x8yiR0Ee4lN9J","","42.07","2.36","39.71","USD","2026-02-12","received"
"pu_ch_3T02uUAhXr9x8yiR1CIYJ3S2","stripe_charge","ch_3T02uUAhXr9x8yiR1CIYJ3S2","ch_3T02uUAhXr9x8yiR1CIYJ3S2","","100.00","5.20","94.80","USD","2026-02-12","received"
"pu_ch_3T03iIAhXr9x8yiR0y4Wo4pc","stripe_charge","ch_3T03iIAhXr9x8yiR0y4Wo4pc","ch_3T03iIAhXr9x8yiR0y4Wo4pc","","25.00","1.53","23.47","USD","2026-02-12","received"
"pu_ch_3T03l0AhXr9x8yiR0Xl9VZyw","stripe_charge","ch_3T03l0AhXr9x8yiR0Xl9VZyw","ch_3T03l0AhXr9x8yiR0Xl9VZyw","","5000.00","245.30","4754.70","USD","2026-02-12","received"
"pu_ch_3T09EgAhXr9x8yiR04FwNRIw","stripe_charge","ch_3T09EgAhXr9x8yiR04FwNRIw","ch_3T09EgAhXr9x8yiR04FwNRIw","","50.00","2.75","47.25","USD","2026-02-12","received"
"pu_ch_3T0W46AhXr9x8yiR11efFIoM","stripe_charge","ch_3T0W46AhXr9x8yiR11efFIoM","ch_3T0W46AhXr9x8yiR11efFIoM","","1000.00","49.30","950.70","USD","2026-02-13","received"
"pu_ch_3T19H9AhXr9x8yiR1TMjiOXA","stripe_charge","ch_3T19H9AhXr9x8yiR1TMjiOXA","ch_3T19H9AhXr9x8yiR1TMjiOXA","","261.28","13.11","248.17","USD","2026-02-15","received"
"pu_ch_3T1na5AhXr9x8yiR03KrQ5mg","stripe_charge","ch_3T1na5AhXr9x8yiR03KrQ5mg","ch_3T1na5AhXr9x8yiR03KrQ5mg","","417.85","20.78","397.07","USD","2026-02-17","received"
"pu_ch_3T1pWVAhXr9x8yiR0yp1ensS","stripe_charge","ch_3T1pWVAhXr9x8yiR0yp1ensS","ch_3T1pWVAhXr9x8yiR0yp1ensS","","261.28","13.11","248.17","USD","2026-02-17","received"
"pu_ch_3T3mLHAhXr9x8yiR1ZgAaoQf","stripe_charge","ch_3T3mLHAhXr9x8yiR1ZgAaoQf","ch_3T3mLHAhXr9x8yiR1ZgAaoQf","","50.00","2.75","47.25","USD","2026-02-22","received"
"pu_ch_3T4PwlAhXr9x8yiR0SEZhowl","stripe_charge","ch_3T4PwlAhXr9x8yiR0SEZhowl","ch_3T4PwlAhXr9x8yiR0SEZhowl","","52.51","2.87","49.64","USD","2026-02-24","received"
"pu_ch_3T4srAAhXr9x8yiR04uolGlk","stripe_charge","ch_3T4srAAhXr9x8yiR04uolGlk","ch_3T4srAAhXr9x8yiR04uolGlk","","50.00","2.75","47.25","USD","2026-02-25","received"
"pu_ch_3T7JKQAhXr9x8yiR07gtTFGr","stripe_charge","ch_3T7JKQAhXr9x8yiR07gtTFGr","ch_3T7JKQAhXr9x8yiR07gtTFGr","","50.00","2.75","47.25","USD","2026-03-04","received"
"pu_ch_3T8fYUAhXr9x8yiR0ICgO19R","stripe_charge","ch_3T8fYUAhXr9x8yiR0ICgO19R","ch_3T8fYUAhXr9x8yiR0ICgO19R","","150.00","7.65","142.35","USD","2026-03-08","received"
"pu_ch_3T8r5YAhXr9x8yiR0nXRc9Xg","stripe_charge","ch_3T8r5YAhXr9x8yiR0nXRc9Xg","ch_3T8r5YAhXr9x8yiR0nXRc9Xg","","52.51","2.87","49.64","USD","2026-03-08","received"
"pu_ch_3TDwClAhXr9x8yiR0oquIFPK","stripe_charge","ch_3TDwClAhXr9x8yiR0oquIFPK","ch_3TDwClAhXr9x8yiR0oquIFPK","","50.00","2.75","47.25","USD","2026-03-22","received"
"pu_ch_3TExdsAhXr9x8yiR0rCVtNUk","stripe_charge","ch_3TExdsAhXr9x8yiR0rCVtNUk","ch_3TExdsAhXr9x8yiR0rCVtNUk","","1000.00","49.30","950.70","USD","2026-03-25","received"
"pu_ch_3TJyXSAhXr9x8yiR0JNnNht9","stripe_charge","ch_3TJyXSAhXr9x8yiR0JNnNht9","ch_3TJyXSAhXr9x8yiR0JNnNht9","","150.00","7.65","142.35","USD","2026-04-08","received"
"pu_ch_3TUqs3AhXr9x8yiR1Y2lJjss","stripe_charge","ch_3TUqs3AhXr9x8yiR1Y2lJjss","ch_3TUqs3AhXr9x8yiR1Y2lJjss","","150.00","7.65","142.35","USD","2026-05-08","received"
"pu_ch_3Tg5gHAhXr9x8yiR1E07MjUB","stripe_charge","ch_3Tg5gHAhXr9x8yiR1E07MjUB","ch_3Tg5gHAhXr9x8yiR1E07MjUB","","150.00","7.65","142.35","USD","2026-06-08","received"
"pu_ch_3TjsuvAhXr9x8yiR1hYfN7nu","stripe_charge","ch_3TjsuvAhXr9x8yiR1hYfN7nu","ch_3TjsuvAhXr9x8yiR1hYfN7nu","","104.70","5.43","99.27","USD","2026-06-18","received"
"pu_ch_3TqxziAhXr9x8yiR1O4q09qF","stripe_charge","ch_3TqxziAhXr9x8yiR1O4q09qF","ch_3TqxziAhXr9x8yiR1O4q09qF","","150.00","7.65","142.35","USD","2026-07-08","received"
"pu_py_1HtSMoAhXr9x8yiRjwpcybdj","stripe_charge","py_1HtSMoAhXr9x8yiRjwpcybdj","py_1HtSMoAhXr9x8yiRjwpcybdj","","102.04","2.04","100.00","USD","2020-12-01","received"
"pu_py_1Htg0oAhXr9x8yiRlKOWzRFm","stripe_charge","py_1Htg0oAhXr9x8yiRlKOWzRFm","py_1Htg0oAhXr9x8yiRlKOWzRFm","","25.51","0.51","25.00","USD","2020-12-01","received"
"pu_py_1ILJZfAhXr9x8yiRxTc9EOir","stripe_charge","py_1ILJZfAhXr9x8yiRxTc9EOir","py_1ILJZfAhXr9x8yiRxTc9EOir","","1523.28","23.28","1500.00","USD","2021-02-15","received"
"pu_py_1LCpNiAhXr9x8yiR3DiGUJ4g","stripe_charge","py_1LCpNiAhXr9x8yiR3DiGUJ4g","py_1LCpNiAhXr9x8yiR3DiGUJ4g","","1000.00","17.00","983.00","USD","2022-06-20","received"
"pu_py_1M8pSvAhXr9x8yiRPhdZCjeK","stripe_charge","py_1M8pSvAhXr9x8yiRPhdZCjeK","py_1M8pSvAhXr9x8yiRPhdZCjeK","","511.77","11.77","500.00","USD","2022-11-27","received"
"pu_py_1O2iSqAhXr9x8yiReWHkmWBz","stripe_charge","py_1O2iSqAhXr9x8yiReWHkmWBz","py_1O2iSqAhXr9x8yiReWHkmWBz","","600.00","15.30","584.70","USD","2023-10-18","received"
"pu_py_1QVrSuAhXr9x8yiRFnuHARUR","stripe_charge","py_1QVrSuAhXr9x8yiRFnuHARUR","py_1QVrSuAhXr9x8yiRFnuHARUR","","513.08","13.08","500.00","USD","2024-12-14","received"
"pu_py_1Qaj1AAhXr9x8yiR1Zo6kRqv","stripe_charge","py_1Qaj1AAhXr9x8yiR1Zo6kRqv","py_1Qaj1AAhXr9x8yiR1Zo6kRqv","","200.00","5.10","194.90","USD","2024-12-27","received"
"pu_py_1SddlYAhXr9x8yiRM7pymWVa","stripe_charge","py_1SddlYAhXr9x8yiRM7pymWVa","py_1SddlYAhXr9x8yiRM7pymWVa","","1025.52","25.51","1000.01","USD","2025-12-12","received"
"pu_py_1SxwOxAhXr9x8yiRF1A08AZu","stripe_charge","py_1SxwOxAhXr9x8yiRF1A08AZu","py_1SxwOxAhXr9x8yiRF1A08AZu","","514.41","14.41","500.00","USD","2026-02-06","received"
"pu_FZBvmKuA6alxz6oRNfOJP","other","FZBvmKuA6alxz6oRNfOJP","","FZBvmKuA6alxz6oRNfOJP","10.00","","10.00","USD","2017-05-25","received"
"pu_znbokMCQu4O4uvZjRh5WC","check","znbokMCQu4O4uvZjRh5WC","","znbokMCQu4O4uvZjRh5WC","25000.00","","25000.00","USD","2023-12-27","received"
"pu_8BdLq6ZNISKGLY7P5Sw88","check","8BdLq6ZNISKGLY7P5Sw88","","8BdLq6ZNISKGLY7P5Sw88","13980.00","","13980.00","USD","2023-08-14","received"
"pu_1IeSrSZTpxCoCs3OU4q3c","other","1IeSrSZTpxCoCs3OU4q3c","","1IeSrSZTpxCoCs3OU4q3c","20000.00","","20000.00","USD","2018-01-11","received"
"pu_19Iyh7cbHD8CZKwd6EgKF","check","19Iyh7cbHD8CZKwd6EgKF","","19Iyh7cbHD8CZKwd6EgKF","50000.00","","50000.00","USD","2024-03-19","received"
"pu_pvn2FrAdgfyfFsLPxTzbP","other","pvn2FrAdgfyfFsLPxTzbP","","pvn2FrAdgfyfFsLPxTzbP","250.00","","250.00","USD","2019-01-10","received"
"pu_57hcboHFPuX4qdljSM449:split:1","other","57hcboHFPuX4qdljSM449:split:1","","57hcboHFPuX4qdljSM449:split:1","5000.00","","5000.00","USD","2024-09-30","received"
"pu_57hcboHFPuX4qdljSM449:split:2","other","57hcboHFPuX4qdljSM449:split:2","","57hcboHFPuX4qdljSM449:split:2","5000.00","","5000.00","USD","2024-09-30","received"
"pu_WWbM-Xk_oxrSHO4zm6NT6","other","WWbM-Xk_oxrSHO4zm6NT6","","WWbM-Xk_oxrSHO4zm6NT6","3500.00","","3500.00","USD","2025-01-31","received"
"pu_VhOOgHGsdUUsvh9b8880g","check","VhOOgHGsdUUsvh9b8880g","","VhOOgHGsdUUsvh9b8880g","10000.00","","10000.00","USD","2023-10-20","received"
"pu_To-pU5ogf6SFa7GudD79y","other","To-pU5ogf6SFa7GudD79y","","To-pU5ogf6SFa7GudD79y","200000.00","","200000.00","USD","2019-04-01","received"
"pu_72JTwqPCBY1xcx_2fynE1","other","72JTwqPCBY1xcx_2fynE1","","72JTwqPCBY1xcx_2fynE1","200000.00","","200000.00","USD","2017-06-30","received"
"pu_YVFC5TLjn4JQr1EePgNSh","other","YVFC5TLjn4JQr1EePgNSh","","YVFC5TLjn4JQr1EePgNSh","140801.72","","140801.72","USD","2018-06-05","received"
"pu_dkd5KsrCp9Aw0RHb6VNfq","other","dkd5KsrCp9Aw0RHb6VNfq","","dkd5KsrCp9Aw0RHb6VNfq","720000.00","","720000.00","USD","2018-06-15","received"
"pu_Ix35gVTsZx9EuiXdXrm9A","other","Ix35gVTsZx9EuiXdXrm9A","","Ix35gVTsZx9EuiXdXrm9A","500.00","","500.00","USD","2017-09-08","received"
"pu_XauYvjVqajTTweSOqb-88","other","XauYvjVqajTTweSOqb-88","","XauYvjVqajTTweSOqb-88","286604.93","","286604.93","USD","2018-05-25","received"
"pu_-H-SjZsuUmbtrUpxWOEBb","other","-H-SjZsuUmbtrUpxWOEBb","","-H-SjZsuUmbtrUpxWOEBb","284375.00","","284375.00","USD","2018-08-17","received"
"pu_YIiyavKTatCZFcluakEPz","other","YIiyavKTatCZFcluakEPz","","YIiyavKTatCZFcluakEPz","475000.00","","475000.00","USD","2018-12-07","received"
"pu_i6C-pKESa6lr3Dz2tgoip","other","i6C-pKESa6lr3Dz2tgoip","","i6C-pKESa6lr3Dz2tgoip","35000.00","","35000.00","USD","2018-12-12","received"
"pu_WFu_eh0QPyaX3OHTF_CIu","other","WFu_eh0QPyaX3OHTF_CIu","","WFu_eh0QPyaX3OHTF_CIu","35000.00","","35000.00","USD","2018-12-21","received"
"pu_xSBtzUjQ_hVDQ2osef9ct","other","xSBtzUjQ_hVDQ2osef9ct","","xSBtzUjQ_hVDQ2osef9ct","2001.00","","2001.00","USD","2019-01-31","received"
"pu_uy2nc7pa55bhUoB-ga5i1","other","uy2nc7pa55bhUoB-ga5i1","","uy2nc7pa55bhUoB-ga5i1","23.67","","23.67","USD","2021-11-10","received"
"pu_J-0IpVdO2yizLkIG7D-kq","check","J-0IpVdO2yizLkIG7D-kq","","J-0IpVdO2yizLkIG7D-kq","5000.00","","5000.00","USD","2025-10-31","received"
"pu_34kTnhnYt8gF8IayceTj6","other","34kTnhnYt8gF8IayceTj6","","34kTnhnYt8gF8IayceTj6","250.00","","250.00","USD","2018-11-21","received"
"pu_2FuX80J7AL1P1FH8GbuWs","other","2FuX80J7AL1P1FH8GbuWs","","2FuX80J7AL1P1FH8GbuWs","15000.00","","15000.00","USD","2025-12-30","received"
"pu_DJxYyhEg_s3u3p6d4Ug3o","other","DJxYyhEg_s3u3p6d4Ug3o","","DJxYyhEg_s3u3p6d4Ug3o","60000.00","","60000.00","USD","2025-11-26","received"
"pu_psPej3jzrqnVDNPKq6yAT","other","psPej3jzrqnVDNPKq6yAT","","psPej3jzrqnVDNPKq6yAT","100000.00","","100000.00","USD","2019-04-02","received"
"pu_2qEAVZuH1rPDCjnb6nafw","other","2qEAVZuH1rPDCjnb6nafw","","2qEAVZuH1rPDCjnb6nafw","5000.00","","5000.00","USD","2018-09-21","received"
"pu_206jdtJJa4i1y-s2Il9yR","other","206jdtJJa4i1y-s2Il9yR","","206jdtJJa4i1y-s2Il9yR","25000.00","","25000.00","USD","2019-07-09","received"
"pu_2sbtkRgJTTUZioPUm750O","other","2sbtkRgJTTUZioPUm750O","","2sbtkRgJTTUZioPUm750O","5000.00","","5000.00","USD","2018-03-16","received"
"pu_h6ZPZO8Aj4ZF62i5julR9","direct_ach","h6ZPZO8Aj4ZF62i5julR9","","h6ZPZO8Aj4ZF62i5julR9","20000.00","","20000.00","USD","2026-01-02","received"
"pu_pCFw5YiH6fJVw9zFhXv9l","other","pCFw5YiH6fJVw9zFhXv9l","","pCFw5YiH6fJVw9zFhXv9l","100000.00","","100000.00","USD","2018-05-29","received"
"pu_l8EFNSz9Sl3CfjAs6708V","direct_ach","l8EFNSz9Sl3CfjAs6708V","","l8EFNSz9Sl3CfjAs6708V","90000.00","","90000.00","USD","2026-05-13","received"
"pu_Ddjox4jzXiyyrrHmuckJ8","direct_ach","Ddjox4jzXiyyrrHmuckJ8","","Ddjox4jzXiyyrrHmuckJ8","50.00","","50.00","USD","2026-03-06","received"
"pu_Xt_CgJeDKAVQfYEUcrDsJ","other","Xt_CgJeDKAVQfYEUcrDsJ","","Xt_CgJeDKAVQfYEUcrDsJ","42.99","","42.99","USD","2019-11-13","received"
"pu_8r4tQubAh23RqksEG7OU-","other","8r4tQubAh23RqksEG7OU-","","8r4tQubAh23RqksEG7OU-","750000.00","","750000.00","USD","2024-07-08","received"
"pu_tMS-Avc4nvMsDpFTVOtNY","other","tMS-Avc4nvMsDpFTVOtNY","","tMS-Avc4nvMsDpFTVOtNY","10000.00","","10000.00","USD","2018-01-11","received"
"pu_tWZwuYvJlZa2eYQMTF4tl","other","tWZwuYvJlZa2eYQMTF4tl","","tWZwuYvJlZa2eYQMTF4tl","25000.00","","25000.00","USD","2019-10-02","received"
"pu_dY_09QYkB-Axu7ZFYmJuR","other","dY_09QYkB-Axu7ZFYmJuR","","dY_09QYkB-Axu7ZFYmJuR","15000.00","","15000.00","USD","2020-12-31","received"
"pu_2BcUzCAPqEbecBfh2L7pN","other","2BcUzCAPqEbecBfh2L7pN","","2BcUzCAPqEbecBfh2L7pN","1000.00","","1000.00","USD","2019-03-14","received"
"pu_NZF4oaNaj1OuNR84BReZn","other","NZF4oaNaj1OuNR84BReZn","","NZF4oaNaj1OuNR84BReZn","1625000.00","","1625000.00","USD","2017-04-19","received"
"pu_fe20NzJrK3GYkpymmM9VD","other","fe20NzJrK3GYkpymmM9VD","","fe20NzJrK3GYkpymmM9VD","750000.00","","750000.00","USD","2024-07-08","received"
"pu_lwwqcgE4EvrIia3t9agYL","other","lwwqcgE4EvrIia3t9agYL","","lwwqcgE4EvrIia3t9agYL","117000.00","","117000.00","USD","2020-05-20","received"
"pu_y3iEVYFAykhYVNAKH7Ngd","check","y3iEVYFAykhYVNAKH7Ngd","","y3iEVYFAykhYVNAKH7Ngd","5000.00","","5000.00","USD","2026-01-30","received"
"pu_GYBF4RJ6O8_zbGAcqbvef","other","GYBF4RJ6O8_zbGAcqbvef","","GYBF4RJ6O8_zbGAcqbvef","250000.00","","250000.00","USD","2017-06-13","received"
"pu_Ch8A0U2TtOzJk7I4ZU0HC","other","Ch8A0U2TtOzJk7I4ZU0HC","","Ch8A0U2TtOzJk7I4ZU0HC","2500.00","","2500.00","USD","2025-12-19","received"
"pu_B56KVOnRGQrj4dRBrMiLo","other","B56KVOnRGQrj4dRBrMiLo","","B56KVOnRGQrj4dRBrMiLo","205000.00","","205000.00","USD","2020-03-17","received"
"pu_UHE-uTVUwwcr2FLdjBQnp","other","UHE-uTVUwwcr2FLdjBQnp","","UHE-uTVUwwcr2FLdjBQnp","18500.00","","18500.00","USD","2021-08-27","received"
"pu_GbjqmmxhlSsJ3t3kQwNEA","check","GbjqmmxhlSsJ3t3kQwNEA","","GbjqmmxhlSsJ3t3kQwNEA","30000.00","","30000.00","USD","2019-09-05","received"
"pu_-L6KY58mi0-N4vL8jAKEY","other","-L6KY58mi0-N4vL8jAKEY","","-L6KY58mi0-N4vL8jAKEY","93.10","","93.10","USD","2019-11-26","received"
"pu_Bgj13JzyTI3HQyacQQpfq","other","Bgj13JzyTI3HQyacQQpfq","","Bgj13JzyTI3HQyacQQpfq","100000.00","","100000.00","USD","2019-10-08","received"
"pu_vmVfb5ROxh-Ns6vlxwhoy","other","vmVfb5ROxh-Ns6vlxwhoy","","vmVfb5ROxh-Ns6vlxwhoy","47.25","","47.25","USD","2025-11-19","received"
"pu_I0wp6Eb5Wi8A5svNX2zS1","direct_ach","I0wp6Eb5Wi8A5svNX2zS1","","I0wp6Eb5Wi8A5svNX2zS1","1109.81","","1109.81","USD","2026-01-08","received"
"pu_656d4i5CVWfM3uq29bOa3","other","656d4i5CVWfM3uq29bOa3","","656d4i5CVWfM3uq29bOa3","5000.00","","5000.00","USD","2025-12-31","received"
"pu_bllTXRZplXrsjM2VD7ws9","other","bllTXRZplXrsjM2VD7ws9","","bllTXRZplXrsjM2VD7ws9","200000.00","","200000.00","USD","2020-12-31","received"
"pu_7F7JPYBdPulqBcHEoqIMY","other","7F7JPYBdPulqBcHEoqIMY","","7F7JPYBdPulqBcHEoqIMY","5000.00","","5000.00","USD","2025-12-19","received"
"pu_ENrj5pb4155KjFrbRWlN9","other","ENrj5pb4155KjFrbRWlN9","","ENrj5pb4155KjFrbRWlN9","52500.00","","52500.00","USD","2020-05-21","received"
"pu_CgbJao4PfVs7ITQkBF9Ky","other","CgbJao4PfVs7ITQkBF9Ky","","CgbJao4PfVs7ITQkBF9Ky","10990.95","","10990.95","USD","2018-06-15","received"
"pu_Ndv84etsK17sGNJZ2xGpm","direct_ach","Ndv84etsK17sGNJZ2xGpm","","Ndv84etsK17sGNJZ2xGpm","500.00","","500.00","USD","2026-01-13","received"
"pu_5j4sOW2cK9_s44whGxeuJ","other","5j4sOW2cK9_s44whGxeuJ","","5j4sOW2cK9_s44whGxeuJ","694.58","","694.58","USD","2019-12-06","received"
"pu_DZ33N-KGmSYUBddXn0TtK","check","DZ33N-KGmSYUBddXn0TtK","","DZ33N-KGmSYUBddXn0TtK","1150000.00","","1150000.00","USD","2026-05-22","received"
"pu_6qEbcNxV-MEST0vBuBv4K","other","6qEbcNxV-MEST0vBuBv4K","","6qEbcNxV-MEST0vBuBv4K","4673.98","","4673.98","USD","2019-12-20","received"
"pu_ir6aKquR6qvAt2pOCVtek","other","ir6aKquR6qvAt2pOCVtek","","ir6aKquR6qvAt2pOCVtek","532.94","","532.94","USD","2020-01-14","received"
"pu_k1CXtDwpXzp4CryZ0TYUL","other","k1CXtDwpXzp4CryZ0TYUL","","k1CXtDwpXzp4CryZ0TYUL","650000.00","","650000.00","USD","2018-12-26","received"
"pu_PD99mzPjuTly8YcE91aKU","other","PD99mzPjuTly8YcE91aKU","","PD99mzPjuTly8YcE91aKU","1625000.00","","1625000.00","USD","2017-12-01","received"
"pu_BTLwPtMoRWThw_mu_q2WZ","other","BTLwPtMoRWThw_mu_q2WZ","","BTLwPtMoRWThw_mu_q2WZ","10.00","","10.00","USD","2020-01-28","received"
"pu_FwK9WeJGAy7P0s_SHjqnj","other","FwK9WeJGAy7P0s_SHjqnj","","FwK9WeJGAy7P0s_SHjqnj","1000000.00","","1000000.00","USD","2020-02-24","received"
"pu_U3mGqWFS_3CvMKq30cn_v","other","U3mGqWFS_3CvMKq30cn_v","","U3mGqWFS_3CvMKq30cn_v","24000.00","","24000.00","USD","2018-03-19","received"
"pu_eeO4iFgJAlllmIYy0Uiod","other","eeO4iFgJAlllmIYy0Uiod","","eeO4iFgJAlllmIYy0Uiod","330000.00","","330000.00","USD","2020-04-13","received"
"pu_Unzd69-h-2PTEimuPORJ-","other","Unzd69-h-2PTEimuPORJ-","","Unzd69-h-2PTEimuPORJ-","25000.00","","25000.00","USD","2024-08-14","received"
"pu_6PbCI2djPRmGLSbn4NrZV","check","6PbCI2djPRmGLSbn4NrZV","","6PbCI2djPRmGLSbn4NrZV","75000.00","","75000.00","USD","2024-12-18","received"
"pu_opolygF4GmAwIco_HIlAv","other","opolygF4GmAwIco_HIlAv","","opolygF4GmAwIco_HIlAv","87583.48","","87583.48","USD","2018-12-28","received"
"pu_Y3d7WdxX279LLgHSyH3nz","other","Y3d7WdxX279LLgHSyH3nz","","Y3d7WdxX279LLgHSyH3nz","2200.00","","2200.00","USD","2021-01-05","received"
"pu_510OI5kJ4aogidEpjFNei","other","510OI5kJ4aogidEpjFNei","","510OI5kJ4aogidEpjFNei","190.12","","190.12","USD","2019-12-06","received"
"pu_bG9Tz3jmJvdxTIwfvrisE","other","bG9Tz3jmJvdxTIwfvrisE","","bG9Tz3jmJvdxTIwfvrisE","1000000.00","","1000000.00","USD","2020-05-12","received"
"pu_4svk9IxogJIjkx65k097w","other","4svk9IxogJIjkx65k097w","","4svk9IxogJIjkx65k097w","1000000.00","","1000000.00","USD","2017-12-01","received"
"pu_CKO5SqxJBzu8jOn1AZ96R","other","CKO5SqxJBzu8jOn1AZ96R","","CKO5SqxJBzu8jOn1AZ96R","400.00","","400.00","USD","2020-11-20","received"
"pu_bJxnAvEgXpJn7E8YjLjhi","other","bJxnAvEgXpJn7E8YjLjhi","","bJxnAvEgXpJn7E8YjLjhi","23.47","","23.47","USD","2020-05-22","received"
"pu_GCtncjZIGjloPCPQDmjRz","other","GCtncjZIGjloPCPQDmjRz","","GCtncjZIGjloPCPQDmjRz","50000.00","","50000.00","USD","2019-09-16","received"
"pu_Ybc-L_X549nQVf3lBGHgL","other","Ybc-L_X549nQVf3lBGHgL","","Ybc-L_X549nQVf3lBGHgL","25000.00","","25000.00","USD","2019-05-13","received"
"pu_Z_0P-_rNSAluYSExizsHK","other","Z_0P-_rNSAluYSExizsHK","","Z_0P-_rNSAluYSExizsHK","1000000.00","","1000000.00","USD","2019-03-12","received"
"pu_uoifflJSOqyptLRNe-pqN","other","uoifflJSOqyptLRNe-pqN","","uoifflJSOqyptLRNe-pqN","205000.00","","205000.00","USD","2018-12-19","received"
"pu_Rswzy5BMxv3P5xdEAkGII","other","Rswzy5BMxv3P5xdEAkGII","","Rswzy5BMxv3P5xdEAkGII","5000.00","","5000.00","USD","2021-01-08","received"
"pu_n24nVDee3Biv5AJIurO7-","other","n24nVDee3Biv5AJIurO7-","","n24nVDee3Biv5AJIurO7-","1000000.00","","1000000.00","USD","2019-05-24","received"
"pu_E2kzxNSdcARC9Brpw9R3I","other","E2kzxNSdcARC9Brpw9R3I","","E2kzxNSdcARC9Brpw9R3I","93.10","","93.10","USD","2021-12-10","received"
"pu_kWl1HckYWYg_Pdz8I8x1Q","other","kWl1HckYWYg_Pdz8I8x1Q","","kWl1HckYWYg_Pdz8I8x1Q","21.88","","21.88","USD","2022-03-03","received"
"pu_Y3EAw60k_YYl27iA5sHgt","other","Y3EAw60k_YYl27iA5sHgt","","Y3EAw60k_YYl27iA5sHgt","5000.00","","5000.00","USD","2020-07-10","received"
"pu_qtANV939pMYPu29CaXWBu","other","qtANV939pMYPu29CaXWBu","","qtANV939pMYPu29CaXWBu","30000.00","","30000.00","USD","2022-07-13","received"
"pu_jVwrc7wJZrvRoppWCagOt","other","jVwrc7wJZrvRoppWCagOt","","jVwrc7wJZrvRoppWCagOt","10.04","","10.04","USD","2022-11-21","received"
"pu_jsGHUGpP1GyvWmOrRzonn","other","jsGHUGpP1GyvWmOrRzonn","","jsGHUGpP1GyvWmOrRzonn","2500.00","","2500.00","USD","2021-12-17","received"
"pu_rU8nySOGTTlZY_rAafOEV","other","rU8nySOGTTlZY_rAafOEV","","rU8nySOGTTlZY_rAafOEV","2997.09","","2997.09","USD","2022-05-18","received"
"pu_pxCu3QlNBdmlC-S2ltoa5","other","pxCu3QlNBdmlC-S2ltoa5","","pxCu3QlNBdmlC-S2ltoa5","17.58","","17.58","USD","2023-05-22","received"
"pu_SpBqYeZ-WRbZ4_EKfbcO8","other","SpBqYeZ-WRbZ4_EKfbcO8","","SpBqYeZ-WRbZ4_EKfbcO8","500000.00","","500000.00","USD","2022-08-12","received"
"pu_trOL9p4cOzgTyYqEq43L1","check","trOL9p4cOzgTyYqEq43L1","","trOL9p4cOzgTyYqEq43L1","75000.00","","75000.00","USD","2024-08-14","received"
"pu_gZ_lU4kZ8XJ_xwb4EDO8j","other","gZ_lU4kZ8XJ_xwb4EDO8j","","gZ_lU4kZ8XJ_xwb4EDO8j","45000.00","","45000.00","USD","2019-07-09","received"
"pu_lalaOc5ASYswC266HDyGa","other","lalaOc5ASYswC266HDyGa","","lalaOc5ASYswC266HDyGa","40000.00","","40000.00","USD","2020-02-06","received"
"pu_bNV4aWaSFxHX2wfGLHHDq","other","bNV4aWaSFxHX2wfGLHHDq","","bNV4aWaSFxHX2wfGLHHDq","350000.00","","350000.00","USD","2020-12-21","received"
"pu_6qUA0lkU86hpOvD5LznBT","other","6qUA0lkU86hpOvD5LznBT","","6qUA0lkU86hpOvD5LznBT","5000.00","","5000.00","USD","2021-01-08","received"
"pu_qqbY2IkVjONBPJKKPY7m-","other","qqbY2IkVjONBPJKKPY7m-","","qqbY2IkVjONBPJKKPY7m-","12.88","","12.88","USD","2020-11-12","received"
"pu_z1LkltDgvJAAPfw4dg0fr","other","z1LkltDgvJAAPfw4dg0fr","","z1LkltDgvJAAPfw4dg0fr","200000.00","","200000.00","USD","2024-12-12","received"
"pu_tlEdjPxM_ZFjvfRGK0Eyg","other","tlEdjPxM_ZFjvfRGK0Eyg","","tlEdjPxM_ZFjvfRGK0Eyg","580000.00","","580000.00","USD","2022-07-28","received"
"pu_UGB5SraZ624c_aZqt0JcL","other","UGB5SraZ624c_aZqt0JcL","","UGB5SraZ624c_aZqt0JcL","40.54","","40.54","USD","2021-02-22","received"
"pu_QJnvTEL2VlK_lKJ__digm","other","QJnvTEL2VlK_lKJ__digm","","QJnvTEL2VlK_lKJ__digm","100000.00","","100000.00","USD","2022-04-11","received"
"pu_OWp9EcH-F_ULRffDZN_aw","other","OWp9EcH-F_ULRffDZN_aw","","OWp9EcH-F_ULRffDZN_aw","150.00","","150.00","USD","2021-09-22","received"
"pu_LVa4iZ58WIQFBa75htzVY","other","LVa4iZ58WIQFBa75htzVY","","LVa4iZ58WIQFBa75htzVY","7553.12","","7553.12","USD","2019-09-13","received"
"pu_7UcKqJBUbcfaC82WJ-kSB","check","7UcKqJBUbcfaC82WJ-kSB","","7UcKqJBUbcfaC82WJ-kSB","300000.00","","300000.00","USD","2026-05-22","received"
"pu_MM_qJU_ZyJVjhwtW8UpD-","other","MM_qJU_ZyJVjhwtW8UpD-","","MM_qJU_ZyJVjhwtW8UpD-","100.00","","100.00","USD","2021-04-15","received"
"pu_M2yePjj2UXi3RcNJoiHC5","other","M2yePjj2UXi3RcNJoiHC5","","M2yePjj2UXi3RcNJoiHC5","100000.00","","100000.00","USD","2017-10-20","received"
"pu_IZydHQLx3s_GU8xo44VLl","other","IZydHQLx3s_GU8xo44VLl","","IZydHQLx3s_GU8xo44VLl","250000.00","","250000.00","USD","2017-08-04","received"
"pu_l856Y7VI3iGKMAae6z-cu","other","l856Y7VI3iGKMAae6z-cu","","l856Y7VI3iGKMAae6z-cu","6.36","","6.36","USD","2020-08-13","received"
"pu_R6r7TtF52v4z-KF0lPwxH","other","R6r7TtF52v4z-KF0lPwxH","","R6r7TtF52v4z-KF0lPwxH","15000.00","","15000.00","USD","2018-12-28","received"
"pu_WQVxaUZFVql98g7h3lc4I","other","WQVxaUZFVql98g7h3lc4I","","WQVxaUZFVql98g7h3lc4I","12416.52","","12416.52","USD","2019-01-18","received"
"pu_8c7w6mL3SbiDZFPWankfj","other","8c7w6mL3SbiDZFPWankfj","","8c7w6mL3SbiDZFPWankfj","100.00","","100.00","USD","2019-01-16","received"
"pu_0DGYuM_Gv-yma45KQhGdy","other","0DGYuM_Gv-yma45KQhGdy","","0DGYuM_Gv-yma45KQhGdy","4963.76","","4963.76","USD","2021-08-17","received"
"pu_cHfJu8BH9oTIUYLdlg0V6","other","cHfJu8BH9oTIUYLdlg0V6","","cHfJu8BH9oTIUYLdlg0V6","10000.00","","10000.00","USD","2021-08-19","received"
"pu_m1m6w-YgopvOTdzfhK4Vx","other","m1m6w-YgopvOTdzfhK4Vx","","m1m6w-YgopvOTdzfhK4Vx","52500.00","","52500.00","USD","2021-09-02","received"
"pu_nazbNq8vnw00AR6Jg3RlN","other","nazbNq8vnw00AR6Jg3RlN","","nazbNq8vnw00AR6Jg3RlN","12500.00","","12500.00","USD","2021-09-13","received"
"pu_g9vCIFqMMuV5H8YZ9Y4ii","other","g9vCIFqMMuV5H8YZ9Y4ii","","g9vCIFqMMuV5H8YZ9Y4ii","250.00","","250.00","USD","2021-11-26","received"
"pu_Z2ukNeoxE-thZ_DNY5-z-","other","Z2ukNeoxE-thZ_DNY5-z-","","Z2ukNeoxE-thZ_DNY5-z-","11.36","","11.36","USD","2022-09-02","received"
"pu_1GpL1msmlAYRbmqaPaEuw","other","1GpL1msmlAYRbmqaPaEuw","","1GpL1msmlAYRbmqaPaEuw","4627.34","","4627.34","USD","2021-12-17","received"
"pu_ePMKLEoTygvjRj745AisY","other","ePMKLEoTygvjRj745AisY","","ePMKLEoTygvjRj745AisY","20.00","","20.00","USD","2020-01-28","received"
"pu_hIZ1HKjbqLcXMCeU_EoAc","other","hIZ1HKjbqLcXMCeU_EoAc","","hIZ1HKjbqLcXMCeU_EoAc","20000.00","","20000.00","USD","2020-03-27","received"
"pu_tdSImcnQwgq8DwxZ-7cx8","other","tdSImcnQwgq8DwxZ-7cx8","","tdSImcnQwgq8DwxZ-7cx8","300000.00","","300000.00","USD","2024-10-24","received"
"pu_uT9LptVDEM4mBI-UMpa50","other","uT9LptVDEM4mBI-UMpa50","","uT9LptVDEM4mBI-UMpa50","75.00","","75.00","USD","2025-01-03","received"
"pu_Uo8Dni8kRmRkwy-efvw1r","other","Uo8Dni8kRmRkwy-efvw1r","","Uo8Dni8kRmRkwy-efvw1r","5000.00","","5000.00","USD","2024-12-04","received"
"pu_z7rVB0Rv6hn8EW5Lli14g","other","z7rVB0Rv6hn8EW5Lli14g","","z7rVB0Rv6hn8EW5Lli14g","1000.00","","1000.00","USD","2024-07-31","received"
"pu_Kd5N5NKVlPkENnM1JAsen","direct_ach","Kd5N5NKVlPkENnM1JAsen","","Kd5N5NKVlPkENnM1JAsen","40000.00","","40000.00","USD","2026-01-22","received"
"pu_it8b0mhqMVm3s1AqgWyID","other","it8b0mhqMVm3s1AqgWyID","","it8b0mhqMVm3s1AqgWyID","30000.00","","30000.00","USD","2025-12-16","received"
"pu_unfGqYDDrUF_FikVlRknz","other","unfGqYDDrUF_FikVlRknz","","unfGqYDDrUF_FikVlRknz","12000.00","","12000.00","USD","2023-07-03","received"
"pu_dE1j8U53PkqghLPlNKExl","check","dE1j8U53PkqghLPlNKExl","","dE1j8U53PkqghLPlNKExl","10800.00","","10800.00","USD","2022-12-15","received"
"pu_uazOyrHBADG83eg5kMTIq","other","uazOyrHBADG83eg5kMTIq","","uazOyrHBADG83eg5kMTIq","500.00","","500.00","USD","2022-03-07","received"
"pu_DYF2ZvM9R8ypBjFKpQi70","other","DYF2ZvM9R8ypBjFKpQi70","","DYF2ZvM9R8ypBjFKpQi70","1721.39","","1721.39","USD","2024-11-19","received"
"pu_To973ebCOhYZ-xILsKx6q","other","To973ebCOhYZ-xILsKx6q","","To973ebCOhYZ-xILsKx6q","194.87","","194.87","USD","2021-12-13","received"
"pu_CAwU6kv0z5sNy2Xr8jlLD","other","CAwU6kv0z5sNy2Xr8jlLD","","CAwU6kv0z5sNy2Xr8jlLD","5000.00","","5000.00","USD","2024-12-30","received"
"pu_uGAFLZaWvMRRCcEkfovYB","direct_ach","uGAFLZaWvMRRCcEkfovYB","","uGAFLZaWvMRRCcEkfovYB","50000.00","","50000.00","USD","2026-01-13","received"
"pu_p9nrHhQhgJbPZYG2MGsMI","other","p9nrHhQhgJbPZYG2MGsMI","","p9nrHhQhgJbPZYG2MGsMI","1500.00","","1500.00","USD","2020-09-28","received"
"pu_jZnj3jgBO0th6L2OA4bZ5","other","jZnj3jgBO0th6L2OA4bZ5","","jZnj3jgBO0th6L2OA4bZ5","496.38","","496.38","USD","2021-02-05","received"
"pu_PhKz52t0LosjJhdQmJKTX","other","PhKz52t0LosjJhdQmJKTX","","PhKz52t0LosjJhdQmJKTX","800000.00","","800000.00","USD","2022-04-06","received"
"pu_fYiHm1Cvp8Uy4KOhX_7nX","other","fYiHm1Cvp8Uy4KOhX_7nX","","fYiHm1Cvp8Uy4KOhX_7nX","15000.00","","15000.00","USD","2021-06-10","received"
"pu_FtQNkdTHIO4NwBmzcKcmh","other","FtQNkdTHIO4NwBmzcKcmh","","FtQNkdTHIO4NwBmzcKcmh","70000.00","","70000.00","USD","2021-08-27","received"
"pu_erVW8ztCPgYGZU-R36PpC","other","erVW8ztCPgYGZU-R36PpC","","erVW8ztCPgYGZU-R36PpC","9745.00","","9745.00","USD","2025-11-20","received"
"pu_qqdMMabV6wnz4rr0BVhAY","check","qqdMMabV6wnz4rr0BVhAY","","qqdMMabV6wnz4rr0BVhAY","50000.00","","50000.00","USD","2023-12-06","received"
"pu_SFu_PO3eWBSm-5Dq6xDMz","direct_ach","SFu_PO3eWBSm-5Dq6xDMz","","SFu_PO3eWBSm-5Dq6xDMz","175000.00","","175000.00","USD","2026-03-05","received"
"pu_pQnuCI898u10ClnvN2eGY","other","pQnuCI898u10ClnvN2eGY","","pQnuCI898u10ClnvN2eGY","500.00","","500.00","USD","2020-07-17","received"
"pu_9_-SAiKpJW4zPTAJ226Og","other","9_-SAiKpJW4zPTAJ226Og","","9_-SAiKpJW4zPTAJ226Og","7125.00","","7125.00","USD","2020-12-18","received"
"pu_7JpclI5LjMsT12tabqZfV","other","7JpclI5LjMsT12tabqZfV","","7JpclI5LjMsT12tabqZfV","223500.00","","223500.00","USD","2025-09-25","received"
"pu_XyszZpI2syHOTJlsAEjKg","other","XyszZpI2syHOTJlsAEjKg","","XyszZpI2syHOTJlsAEjKg","30000.00","","30000.00","USD","2024-11-22","received"
"pu_QnhkymDiENVk0n_N_yXQp","other","QnhkymDiENVk0n_N_yXQp","","QnhkymDiENVk0n_N_yXQp","500.00","","500.00","USD","2020-02-11","received"
"pu_YccEYB0l5ErneQLXiarh4","other","YccEYB0l5ErneQLXiarh4","","YccEYB0l5ErneQLXiarh4","1000.00","","1000.00","USD","2020-03-06","received"
"pu_2X7W6oa1211OgIFtP7O2g","other","2X7W6oa1211OgIFtP7O2g","","2X7W6oa1211OgIFtP7O2g","10000.00","","10000.00","USD","2025-12-29","received"
"pu_kRtpSOJdaprXWb9BNfFQ_","check","kRtpSOJdaprXWb9BNfFQ_","","kRtpSOJdaprXWb9BNfFQ_","1.00","","1.00","USD","2024-05-14","received"
"pu_rvGhMvR-GdgMw18HYQdcw","direct_ach","rvGhMvR-GdgMw18HYQdcw","","rvGhMvR-GdgMw18HYQdcw","80000.00","","80000.00","USD","2025-07-25","received"
"pu_XQvizxg8E4kR0zRgj9I4k","other","XQvizxg8E4kR0zRgj9I4k","","XQvizxg8E4kR0zRgj9I4k","351.63","","351.63","USD","2020-12-02","received"
"pu_wL_DifTzE-G_4--FMAU5B","other","wL_DifTzE-G_4--FMAU5B","","wL_DifTzE-G_4--FMAU5B","500000.00","","500000.00","USD","2024-10-30","received"
"pu_4Bntuqkg0MOTA6vp7dC7k","other","4Bntuqkg0MOTA6vp7dC7k","","4Bntuqkg0MOTA6vp7dC7k","13.91","","13.91","USD","2021-08-16","received"
"pu_nOPE69fr9_5h3jLU1S_2g","check","nOPE69fr9_5h3jLU1S_2g","","nOPE69fr9_5h3jLU1S_2g","200000.00","","200000.00","USD","2025-09-16","received"
"pu_fUQTxa-n550UEgMbTbOC4","other","fUQTxa-n550UEgMbTbOC4","","fUQTxa-n550UEgMbTbOC4","1350.00","","1350.00","USD","2021-11-24","received"
"pu_UueMFRa4AR_f0d5-7fJs0","other","UueMFRa4AR_f0d5-7fJs0","","UueMFRa4AR_f0d5-7fJs0","350.00","","350.00","USD","2021-10-12","received"
"pu_RioxxfvidDeVO8AA48ccI","other","RioxxfvidDeVO8AA48ccI","","RioxxfvidDeVO8AA48ccI","13.29","","13.29","USD","2021-11-22","received"
"pu_ftJ2Z_ceRs9xZrh5PKZao","other","ftJ2Z_ceRs9xZrh5PKZao","","ftJ2Z_ceRs9xZrh5PKZao","251.60","","251.60","USD","2020-07-17","received"
"pu_jPH2hJ62Wwm7CPMbghV0V","other","jPH2hJ62Wwm7CPMbghV0V","","jPH2hJ62Wwm7CPMbghV0V","400000.00","","400000.00","USD","2022-10-26","received"
"pu_V9IfUVHTLoMfUzXA9tjkI","other","V9IfUVHTLoMfUzXA9tjkI","","V9IfUVHTLoMfUzXA9tjkI","10000.00","","10000.00","USD","2024-12-23","received"
"pu_AOgoZStpjFlzqmxTZDY-R","other","AOgoZStpjFlzqmxTZDY-R","","AOgoZStpjFlzqmxTZDY-R","13.72","","13.72","USD","2021-05-25","received"
"pu_UkLKAoS9tdl5eT526zzv1","other","UkLKAoS9tdl5eT526zzv1","","UkLKAoS9tdl5eT526zzv1","8.75","","8.75","USD","2022-05-31","received"
"pu_noxLWe2OFLp52F9jVEmZI","other","noxLWe2OFLp52F9jVEmZI","","noxLWe2OFLp52F9jVEmZI","7.57","","7.57","USD","2023-05-04","received"
"pu_Ne0LFzjH0GPpCDaqi7T6o","other","Ne0LFzjH0GPpCDaqi7T6o","","Ne0LFzjH0GPpCDaqi7T6o","14.65","","14.65","USD","2023-02-13","received"
"pu_wdhIueXAjKqqF1tZZ6tQx","other","wdhIueXAjKqqF1tZZ6tQx","","wdhIueXAjKqqF1tZZ6tQx","2500.00","","2500.00","USD","2025-12-10","received"
"pu_g1LSQBYq6_lmmYUtlb5-8","other","g1LSQBYq6_lmmYUtlb5-8","","g1LSQBYq6_lmmYUtlb5-8","5000.00","","5000.00","USD","2024-12-31","received"
"pu_avmnGV8NYqWhX_b8E4QbD","other","avmnGV8NYqWhX_b8E4QbD","","avmnGV8NYqWhX_b8E4QbD","125000.00","","125000.00","USD","2025-11-03","received"
"pu_xOfAuFNjlhjtddnETubKC","other","xOfAuFNjlhjtddnETubKC","","xOfAuFNjlhjtddnETubKC","40000.00","","40000.00","USD","2025-01-13","received"
"pu_vXurKXgrl7361WZxuOoQv","other","vXurKXgrl7361WZxuOoQv","","vXurKXgrl7361WZxuOoQv","65000.00","","65000.00","USD","2025-12-30","received"
"pu_323KhGAmwVaZyXVy5IHMH","other","323KhGAmwVaZyXVy5IHMH","","323KhGAmwVaZyXVy5IHMH","5000.00","","5000.00","USD","2023-01-17","received"
"pu_uMX5819nuMMCZPWQzoLuJ","other","uMX5819nuMMCZPWQzoLuJ","","uMX5819nuMMCZPWQzoLuJ","10000.00","","10000.00","USD","2023-08-10","received"
"pu_dIB6k5tqNznUNyTeDtBz_","other","dIB6k5tqNznUNyTeDtBz_","","dIB6k5tqNznUNyTeDtBz_","47.25","","47.25","USD","2025-11-14","received"
"pu_F9gVT989fp6B4OJhFZJj8","other","F9gVT989fp6B4OJhFZJj8","","F9gVT989fp6B4OJhFZJj8","7000.00","","7000.00","USD","2025-11-18","received"
"pu_HR7gMUbvoxLgxUHei9dYG","other","HR7gMUbvoxLgxUHei9dYG","","HR7gMUbvoxLgxUHei9dYG","225000.00","","225000.00","USD","2020-08-31","received"
"pu_CRtv5rc-lclh4k9BZ7HUQ","other","CRtv5rc-lclh4k9BZ7HUQ","","CRtv5rc-lclh4k9BZ7HUQ","350000.00","","350000.00","USD","2020-12-23","received"
"pu_d4IGAGtGZg5r9D1iQV4os","other","d4IGAGtGZg5r9D1iQV4os","","d4IGAGtGZg5r9D1iQV4os","7500.00","","7500.00","USD","2021-01-25","received"
"pu_sxj-QLSD2Kr0I8NkbFoKP","other","sxj-QLSD2Kr0I8NkbFoKP","","sxj-QLSD2Kr0I8NkbFoKP","70000.00","","70000.00","USD","2022-10-31","received"
"pu_tUgCIRN_0N8uUrVaypkKZ","other","tUgCIRN_0N8uUrVaypkKZ","","tUgCIRN_0N8uUrVaypkKZ","25000.00","","25000.00","USD","2025-12-12","received"
"pu_vxT5fTKYCuVk7Rw2wsU51","other","vxT5fTKYCuVk7Rw2wsU51","","vxT5fTKYCuVk7Rw2wsU51","290.77","","290.77","USD","2022-05-02","received"
"pu_BQSH_Vv0xuGtZQnIW4E7f","other","BQSH_Vv0xuGtZQnIW4E7f","","BQSH_Vv0xuGtZQnIW4E7f","1.00","","1.00","USD","2017-05-24","received"
"pu_3Pg4MpOB8cTkxYOLsd_Yb","other","3Pg4MpOB8cTkxYOLsd_Yb","","3Pg4MpOB8cTkxYOLsd_Yb","2000.00","","2000.00","USD","2020-06-08","received"
"pu_IQrcvLkRCRIs77MwX_fFW","other","IQrcvLkRCRIs77MwX_fFW","","IQrcvLkRCRIs77MwX_fFW","1500.00","","1500.00","USD","2020-09-25","received"
"pu_5IKpfsJPOgXGByJN8uIRX","other","5IKpfsJPOgXGByJN8uIRX","","5IKpfsJPOgXGByJN8uIRX","7850.00","","7850.00","USD","2021-01-13","received"
"pu_AjnkdZlMB1qL_f9HqUoH2","other","AjnkdZlMB1qL_f9HqUoH2","","AjnkdZlMB1qL_f9HqUoH2","4000.00","","4000.00","USD","2021-01-21","received"
"pu_GmRoDjbb5AbCEOVbYsU9W","check","GmRoDjbb5AbCEOVbYsU9W","","GmRoDjbb5AbCEOVbYsU9W","10000.00","","10000.00","USD","2022-08-30","received"
"pu_vsODilVwJh93AuJWvKYOf","check","vsODilVwJh93AuJWvKYOf","","vsODilVwJh93AuJWvKYOf","15220.00","","15220.00","USD","2022-10-24","received"
"pu_YcizkhJEhGuxcjCJAXgG5","check","YcizkhJEhGuxcjCJAXgG5","","YcizkhJEhGuxcjCJAXgG5","95000.00","","95000.00","USD","2023-07-06","received"
"pu_zi6j_jjO2swt8Ot33qiDp","check","zi6j_jjO2swt8Ot33qiDp","","zi6j_jjO2swt8Ot33qiDp","100000.00","","100000.00","USD","2023-11-28","received"
"pu_VAmxudI59WVT6SCeWgqcf","check","VAmxudI59WVT6SCeWgqcf","","VAmxudI59WVT6SCeWgqcf","540.00","","540.00","USD","2024-01-10","received"
"pu_uKJKtItKRZ98E7bjZSFKe","other","uKJKtItKRZ98E7bjZSFKe","","uKJKtItKRZ98E7bjZSFKe","1001061.44","","1001061.44","USD","2017-05-26","received"
"pu_ab6MGs1PAjUlcgAvwtcws","other","ab6MGs1PAjUlcgAvwtcws","","ab6MGs1PAjUlcgAvwtcws","5000.00","","5000.00","USD","2017-10-24","received"
"pu_obZdI7xecWrODbiqkc2TA","other","obZdI7xecWrODbiqkc2TA","","obZdI7xecWrODbiqkc2TA","700000.00","","700000.00","USD","2017-11-03","received"
"pu_G2qaJhrpocRChJ4skrYuf","other","G2qaJhrpocRChJ4skrYuf","","G2qaJhrpocRChJ4skrYuf","1000.00","","1000.00","USD","2017-09-01","received"
"pu_pNAH9MtNYy65T5opC3vsd","other","pNAH9MtNYy65T5opC3vsd","","pNAH9MtNYy65T5opC3vsd","10200.00","","10200.00","USD","2018-04-20","received"
"pu_JqO1pyeUqjy8CpmhuA31G","other","JqO1pyeUqjy8CpmhuA31G","","JqO1pyeUqjy8CpmhuA31G","2500000.00","","2500000.00","USD","2018-06-22","received"
"pu_LXYf5O20Jv2WBOcvY_pYV","other","LXYf5O20Jv2WBOcvY_pYV","","LXYf5O20Jv2WBOcvY_pYV","285410.88","","285410.88","USD","2018-05-22","received"
"pu_keC3v6wusKFai7PrvzlJn","other","keC3v6wusKFai7PrvzlJn","","keC3v6wusKFai7PrvzlJn","288972.01","","288972.01","USD","2018-05-23","received"
"pu_fFl18qW3ELjR_Fuorog0-","other","fFl18qW3ELjR_Fuorog0-","","fFl18qW3ELjR_Fuorog0-","97.10","","97.10","USD","2022-10-27","received"
"pu_6H7mfNQXLJNB2zuBpewNd","other","6H7mfNQXLJNB2zuBpewNd","","6H7mfNQXLJNB2zuBpewNd","30.34","","30.34","USD","2023-01-27","received"
"pu_8JFbFIjJxjk1Klg0ulOSF","other","8JFbFIjJxjk1Klg0ulOSF","","8JFbFIjJxjk1Klg0ulOSF","500000.00","","500000.00","USD","2023-06-02","received"
"pu_8-iX2oQ5Ge7blnK7frGAw","other","8-iX2oQ5Ge7blnK7frGAw","","8-iX2oQ5Ge7blnK7frGAw","400.00","","400.00","USD","2023-06-07","received"
"pu_DnHNYfgt7HwacKUcEBB38","other","DnHNYfgt7HwacKUcEBB38","","DnHNYfgt7HwacKUcEBB38","500000.00","","500000.00","USD","2024-06-10","received"
"pu_tAvndts0xZaDZETaG2ZAK","other","tAvndts0xZaDZETaG2ZAK","","tAvndts0xZaDZETaG2ZAK","300000.00","","300000.00","USD","2024-06-18","received"
"pu_d5A4_QbGYCJ7xCcp1VZ1b","other","d5A4_QbGYCJ7xCcp1VZ1b","","d5A4_QbGYCJ7xCcp1VZ1b","350000.00","","350000.00","USD","2024-04-18","received"
"pu_M37WisaFqQeTrU_MEKQkv","other","M37WisaFqQeTrU_MEKQkv","","M37WisaFqQeTrU_MEKQkv","100000.00","","100000.00","USD","2024-08-07","received"
"pu_wDU1AyVvrFcsEkBXohrHs","other","wDU1AyVvrFcsEkBXohrHs","","wDU1AyVvrFcsEkBXohrHs","4237.50","","4237.50","USD","2024-07-26","received"
"pu_zVUbAl1_tNP17uHg7syzL","other","zVUbAl1_tNP17uHg7syzL","","zVUbAl1_tNP17uHg7syzL","124613.68","","124613.68","USD","2024-07-01","received"
"pu_Pr23YoDn3D4iCNZHj1W1B","other","Pr23YoDn3D4iCNZHj1W1B","","Pr23YoDn3D4iCNZHj1W1B","5000.00","","5000.00","USD","2024-10-31","received"
"pu_1DDAK0LsdOkqxYwtGiMCg","other","1DDAK0LsdOkqxYwtGiMCg","","1DDAK0LsdOkqxYwtGiMCg","10000.00","","10000.00","USD","2024-12-30","received"
"pu_osN1yh1ZCrPjaY58a1mfn","other","osN1yh1ZCrPjaY58a1mfn","","osN1yh1ZCrPjaY58a1mfn","10000.00","","10000.00","USD","2024-12-27","received"
"pu_Xgj0nFk7GlQN5Ja7mji6I","other","Xgj0nFk7GlQN5Ja7mji6I","","Xgj0nFk7GlQN5Ja7mji6I","5000.00","","5000.00","USD","2024-12-23","received"
"pu_JuIhgeJ1Vbrkscmmk_SNy","other","JuIhgeJ1Vbrkscmmk_SNy","","JuIhgeJ1Vbrkscmmk_SNy","5000.00","","5000.00","USD","2024-11-07","received"
"pu_GuLnE-8z-r9gws7xfFo0b","other","GuLnE-8z-r9gws7xfFo0b","","GuLnE-8z-r9gws7xfFo0b","2000.00","","2000.00","USD","2025-01-03","received"
"pu_eQzcRt2t2x6rVWtbQzuYK","other","eQzcRt2t2x6rVWtbQzuYK","","eQzcRt2t2x6rVWtbQzuYK","850.00","","850.00","USD","2025-07-29","received"
"pu_HwkYzUzoTOi6nguIJFA3C","other","HwkYzUzoTOi6nguIJFA3C","","HwkYzUzoTOi6nguIJFA3C","500.00","","500.00","USD","2025-11-18","received"
"pu_0KLPFhPVfNUBzEPTeFX8G","other","0KLPFhPVfNUBzEPTeFX8G","","0KLPFhPVfNUBzEPTeFX8G","2000.00","","2000.00","USD","2025-12-18","received"
"pu_2SJy89RjyXG7MMmwrCuaj","other","2SJy89RjyXG7MMmwrCuaj","","2SJy89RjyXG7MMmwrCuaj","2500.00","","2500.00","USD","2025-12-19","received"
"pu_KRciUjZtjfQFXvtEj6D31","other","KRciUjZtjfQFXvtEj6D31","","KRciUjZtjfQFXvtEj6D31","150.00","","150.00","USD","2025-12-19","received"
"pu_sjOQWjlw7wZqW-RGWwInW","check","sjOQWjlw7wZqW-RGWwInW","","sjOQWjlw7wZqW-RGWwInW","500.00","","500.00","USD","2026-04-09","received"
"pu_XqbBMRf75dDH7mV_V5NH5","other","XqbBMRf75dDH7mV_V5NH5","","XqbBMRf75dDH7mV_V5NH5","19902.01","","19902.01","USD","2025-09-03","received"
"pu_D_cxhgfCO7cJt26OrYduT","check","D_cxhgfCO7cJt26OrYduT","","D_cxhgfCO7cJt26OrYduT","150000.00","","150000.00","USD","2026-05-22","received"
"pu_WkhS6YAYglDGWePEgKEFo","wire","WkhS6YAYglDGWePEgKEFo","","WkhS6YAYglDGWePEgKEFo","60000.00","","60000.00","USD","2025-08-05","received"
"pu_zfJQTDeeVNS9kRYVrXUpI","other","zfJQTDeeVNS9kRYVrXUpI","","zfJQTDeeVNS9kRYVrXUpI","10000.00","","10000.00","USD","2025-11-26","received"
"pu_5L1YqDSwMIyqx1pnx_0Hl","direct_ach","5L1YqDSwMIyqx1pnx_0Hl","","5L1YqDSwMIyqx1pnx_0Hl","40000.00","","40000.00","USD","2025-07-25","received"
